[09:44:09] [INFO]    [SERV]   (./main.c:69) **Démarrage du service Delivraptor**
[09:44:09] [INFO]    [SERV]   (./main.c:80) Socket configuré
[09:44:09] [INFO]    [SERV]   (./main.c:95) Adresse ip et port configurées
[09:44:09] [INFO]    [SERV]   (./main.c:100) Socket en écoute
[09:44:09] [DEBUG]   [SERV]   (./main.c:107) avant le accept
[09:44:14] [DEBUG]   [SERV]   (./main.c:110) apres le accept
[09:44:14] [DEBUG]   [SERV]   (./main.c:111) <<avant le fork
[09:44:14] [DEBUG]   [SERV]   (./main.c:113) <<apres le fork
[09:44:14] [DEBUG]   [SERV]   (./main.c:195)  <<Parent pid enfant : 3882
[09:44:14] [DEBUG]   [SERV]   (./main.c:197)  <<Parent connexion ferme
[09:44:14] [DEBUG]   [SERV]   (./main.c:107) avant le accept
[09:44:14] [DEBUG]   [SERV]   (./main.c:113) <<apres le fork
[09:44:14] [DEBUG]   [SERV]   (./main.c:117)  >>Dans l'enfant pid : 3882
[09:44:14] [INFO]    [SERV]   (./main.c:119) Connexion a la BDD...
[09:44:14] [INFO]    [SERV]   (./main.c:378) Connecté a la BDD
[09:44:14] [INFO]    [SERV]   (./main.c:379) SET search_path...
[09:44:14] [INFO]    [SERV]   (./main.c:384) SET search_path success
[09:44:14] [INFO]    [SERV]   (./main.c:389) Base de données actuelle : postgres
[09:44:14] [INFO]    [SERV]   (./main.c:395) Schéma courant (search_path) : sae3_delivraptor
[09:44:14] [INFO]    [SERV]   (./main.c:123) Connexion accepté
[09:44:14] [INFO]    [CLIENT] (./main.c:139) [127.0.0.1:33954] Client connecté au service avec succès
[09:44:14] [INFO]    [CLIENT] (./main.c:352) [127.0.0.1:33954] Authentification réussie
[09:44:14] [DEBUG]   [SERV]   (./main.c:155) Taille lecture 4
[09:44:14] [DEBUG]   [SERV]   (./main.c:157) Buffer value : NEXT
[09:44:14] [INFO]    [CLIENT] (./main.c:164) [127.0.0.1:33954] Requete CONN
[09:44:14] [INFO]    [SERV]   (./main.c:456) SELECT retourne des éléments
[09:44:14] [DEBUG]   [SERV]   (./main.c:461) id suivi : ALI1768374937, etat 4
[09:44:14] [DEBUG]   [SERV]   (./main.c:466) prochain etat : 5
[09:44:14] [DEBUG]   [SERV]   (./main.c:461) id suivi : ALI1768245916, etat 4
[09:44:14] [DEBUG]   [SERV]   (./main.c:466) prochain etat : 5
[09:44:14] [DEBUG]   [SERV]   (./main.c:461) id suivi : ALI1768230723, etat 4
[09:44:14] [DEBUG]   [SERV]   (./main.c:466) prochain etat : 5
[09:44:15] [DEBUG]   [SERV]   (./main.c:110) apres le accept
[09:44:15] [DEBUG]   [SERV]   (./main.c:111) <<avant le fork
[09:44:15] [DEBUG]   [SERV]   (./main.c:113) <<apres le fork
[09:44:15] [DEBUG]   [SERV]   (./main.c:195)  <<Parent pid enfant : 3885
[09:44:15] [DEBUG]   [SERV]   (./main.c:197)  <<Parent connexion ferme
[09:44:15] [DEBUG]   [SERV]   (./main.c:107) avant le accept
[09:44:15] [DEBUG]   [SERV]   (./main.c:113) <<apres le fork
[09:44:15] [DEBUG]   [SERV]   (./main.c:117)  >>Dans l'enfant pid : 3885
[09:44:15] [INFO]    [SERV]   (./main.c:119) Connexion a la BDD...
[09:44:15] [INFO]    [SERV]   (./main.c:378) Connecté a la BDD
[09:44:15] [INFO]    [SERV]   (./main.c:379) SET search_path...
[09:44:15] [INFO]    [SERV]   (./main.c:384) SET search_path success
[09:44:15] [INFO]    [SERV]   (./main.c:389) Base de données actuelle : postgres
[09:44:15] [INFO]    [SERV]   (./main.c:395) Schéma courant (search_path) : sae3_delivraptor
[09:44:15] [INFO]    [SERV]   (./main.c:123) Connexion accepté
[09:44:15] [INFO]    [CLIENT] (./main.c:139) [127.0.0.1:33970] Client connecté au service avec succès
[09:44:15] [INFO]    [CLIENT] (./main.c:352) [127.0.0.1:33970] Authentification réussie
[09:44:15] [DEBUG]   [SERV]   (./main.c:155) Taille lecture 73
[09:44:15] [DEBUG]   [SERV]   (./main.c:157) Buffer value : ADD 144254 alizon |1 rue branly| 22300 roussel mewen |3 rue machin| 22450
[09:44:15] [INFO]    [CLIENT] (./main.c:164) [127.0.0.1:33970] Requete CONN
[09:44:15] [INFO]    [CLIENT] (./main.c:226) [127.0.0.1:33970] Informaions récupérées avec succès
[09:44:15] [INFO]    [SERV]   (./main.c:251) La commande existe deja
[09:44:15] [INFO]    [SERV]   (./main.c:254) Renvoi du bordereau
[09:44:15] [INFO]    [CLIENT] (./main.c:300) [127.0.0.1:33970] BORD ALI1768374937 com144254
[09:44:15] [DEBUG]   [SERV]   (./main.c:155) Taille lecture 17
[09:44:15] [DEBUG]   [SERV]   (./main.c:157) Buffer value : ETA ALI1768374937
[09:44:15] [INFO]    [CLIENT] (./main.c:164) [127.0.0.1:33970] Requete CONN
[09:44:15] [INFO]    [CLIENT] (./main.c:413) [127.0.0.1:33970] numéro de suivie récupéré
[09:44:15] [INFO]    [SERV]   (./main.c:428) Récuperation de l'etat
[09:44:15] [DEBUG]   [SERV]   (./main.c:431) Etat commande char : 5
[09:44:15] [DEBUG]   [SERV]   (./main.c:432) Etat commande int : 5
[09:44:15] [DEBUG]   [SERV]   (./main.c:437) Envoi msg etat
[09:44:15] [DEBUG]   [SERV]   (./etat/etat.c:27)  >> arrive fn msg_etat av test: 5
[09:44:15] [DEBUG]   [SERV]   (./etat/etat.c:31)  >> CONNU test: 5
[09:44:15] [DEBUG]   [SERV]   (./etat/etat.c:33)  >> arrive fn msg_etat ap test: 5
[09:44:15] [DEBUG]   [SERV]   (./etat/etat.c:36)  >> arrive fn msg_etat av vrai: 5
[09:44:15] [DEBUG]   [SERV]   (./etat/etat.c:47)  >> Message etat connu : 5
[09:44:15] [DEBUG]   [SERV]   (./etat/etat.c:52) ETAT 5 message : ETA ARRPR ALI1768374937
[09:44:15] [DEBUG]   [SERV]   (./etat/etat.c:55) ETAT 5 message : ETA ARRPR ALI1768374937 envoyé
[09:44:15] [INFO]    [SERV]   (./etat/etat.c:56) ETAT 5 message : ETA ARRPR ALI1768374937 envoyé
[09:44:15] [DEBUG]   [SERV]   (./main.c:439) Envoi msg etat FIN
[09:44:25] [DEBUG]   [SERV]   (./main.c:155) Taille lecture 75
[09:44:25] [DEBUG]   [SERV]   (./main.c:157) Buffer value : ADD 15223 alizon |1 rue branly| 22300 parveau korentin |5 rue bidule| 29130
[09:44:25] [INFO]    [CLIENT] (./main.c:164) [127.0.0.1:33970] Requete CONN
[09:44:25] [INFO]    [CLIENT] (./main.c:226) [127.0.0.1:33970] Informaions récupérées avec succès
[09:44:25] [INFO]    [SERV]   (./main.c:251) La commande existe deja
[09:44:25] [INFO]    [SERV]   (./main.c:254) Renvoi du bordereau
[09:44:25] [INFO]    [CLIENT] (./main.c:300) [127.0.0.1:33970] BORD ALI1768245916 com15223
[09:44:25] [DEBUG]   [SERV]   (./main.c:155) Taille lecture 17
[09:44:25] [DEBUG]   [SERV]   (./main.c:157) Buffer value : ETA ALI1768245916
[09:44:25] [INFO]    [CLIENT] (./main.c:164) [127.0.0.1:33970] Requete CONN
[09:44:25] [INFO]    [CLIENT] (./main.c:413) [127.0.0.1:33970] numéro de suivie récupéré
[09:44:25] [INFO]    [SERV]   (./main.c:428) Récuperation de l'etat
[09:44:25] [DEBUG]   [SERV]   (./main.c:431) Etat commande char : 5
[09:44:25] [DEBUG]   [SERV]   (./main.c:432) Etat commande int : 5
[09:44:25] [DEBUG]   [SERV]   (./main.c:437) Envoi msg etat
[09:44:25] [DEBUG]   [SERV]   (./etat/etat.c:27)  >> arrive fn msg_etat av test: 5
[09:44:25] [DEBUG]   [SERV]   (./etat/etat.c:31)  >> CONNU test: 5
[09:44:25] [DEBUG]   [SERV]   (./etat/etat.c:33)  >> arrive fn msg_etat ap test: 5
[09:44:25] [DEBUG]   [SERV]   (./etat/etat.c:36)  >> arrive fn msg_etat av vrai: 5
[09:44:25] [DEBUG]   [SERV]   (./etat/etat.c:47)  >> Message etat connu : 5
[09:44:25] [DEBUG]   [SERV]   (./etat/etat.c:52) ETAT 5 message : ETA ARRPR ALI1768245916
[09:44:25] [DEBUG]   [SERV]   (./etat/etat.c:55) ETAT 5 message : ETA ARRPR ALI1768245916 envoyé
[09:44:25] [INFO]    [SERV]   (./etat/etat.c:56) ETAT 5 message : ETA ARRPR ALI1768245916 envoyé
[09:44:25] [DEBUG]   [SERV]   (./main.c:439) Envoi msg etat FIN
[09:44:25] [DEBUG]   [SERV]   (./main.c:155) Taille lecture 17
[09:44:25] [DEBUG]   [SERV]   (./main.c:157) Buffer value : ETA ALI1768374937
[09:44:25] [INFO]    [CLIENT] (./main.c:164) [127.0.0.1:33970] Requete CONN
[09:44:25] [INFO]    [CLIENT] (./main.c:413) [127.0.0.1:33970] numéro de suivie récupéré
[09:44:25] [INFO]    [SERV]   (./main.c:428) Récuperation de l'etat
[09:44:25] [DEBUG]   [SERV]   (./main.c:431) Etat commande char : 5
[09:44:25] [DEBUG]   [SERV]   (./main.c:432) Etat commande int : 5
[09:44:25] [DEBUG]   [SERV]   (./main.c:437) Envoi msg etat
[09:44:25] [DEBUG]   [SERV]   (./etat/etat.c:27)  >> arrive fn msg_etat av test: 5
[09:44:25] [DEBUG]   [SERV]   (./etat/etat.c:31)  >> CONNU test: 5
[09:44:25] [DEBUG]   [SERV]   (./etat/etat.c:33)  >> arrive fn msg_etat ap test: 5
[09:44:25] [DEBUG]   [SERV]   (./etat/etat.c:36)  >> arrive fn msg_etat av vrai: 5
[09:44:25] [DEBUG]   [SERV]   (./etat/etat.c:47)  >> Message etat connu : 5
[09:44:25] [DEBUG]   [SERV]   (./etat/etat.c:52) ETAT 5 message : ETA ARRPR ALI1768374937
[09:44:25] [DEBUG]   [SERV]   (./etat/etat.c:55) ETAT 5 message : ETA ARRPR ALI1768374937 envoyé
[09:44:25] [INFO]    [SERV]   (./etat/etat.c:56) ETAT 5 message : ETA ARRPR ALI1768374937 envoyé
[09:44:25] [DEBUG]   [SERV]   (./main.c:439) Envoi msg etat FIN
[09:44:35] [DEBUG]   [SERV]   (./main.c:155) Taille lecture 17
[09:44:35] [DEBUG]   [SERV]   (./main.c:157) Buffer value : ETA ALI1245369547
[09:44:35] [INFO]    [CLIENT] (./main.c:164) [127.0.0.1:33970] Requete CONN
[09:44:35] [INFO]    [CLIENT] (./main.c:413) [127.0.0.1:33970] numéro de suivie récupéré
[09:44:35] [INFO]    [CLIENT] (./main.c:434) [127.0.0.1:33970] Id_suivi ALI1245369547 n'existe pas
[09:44:35] [DEBUG]   [SERV]   (./main.c:437) Envoi msg etat
[09:44:35] [DEBUG]   [SERV]   (./etat/etat.c:27)  >> arrive fn msg_etat av test: 0
[09:44:35] [DEBUG]   [SERV]   (./etat/etat.c:29)  >> INCONNU test: 0
[09:44:35] [DEBUG]   [SERV]   (./etat/etat.c:33)  >> arrive fn msg_etat ap test: 0
[09:44:35] [DEBUG]   [SERV]   (./etat/etat.c:36)  >> arrive fn msg_etat av vrai: 0
[09:44:35] [DEBUG]   [SERV]   (./etat/etat.c:42)  >> Message etat inconnu : 0
[09:44:35] [DEBUG]   [SERV]   (./etat/etat.c:52) ETAT 0 message : ETA ERR INCO ALI1245369547
[09:44:35] [DEBUG]   [SERV]   (./etat/etat.c:55) ETAT 0 message : ETA ERR INCO ALI1245369547 envoyé
[09:44:35] [INFO]    [SERV]   (./etat/etat.c:56) ETAT 0 message : ETA ERR INCO ALI1245369547 envoyé
[09:44:35] [DEBUG]   [SERV]   (./main.c:439) Envoi msg etat FIN
[09:44:55] [DEBUG]   [SERV]   (./main.c:155) Taille lecture 80
[09:44:55] [DEBUG]   [SERV]   (./main.c:157) Buffer value : ADD a1215m4454 alizon |1 rue branly| 22300 parveau korentin |5 rue bidule| 29130
[09:44:55] [INFO]    [CLIENT] (./main.c:164) [127.0.0.1:33970] Requete CONN
[09:44:55] [INFO]    [CLIENT] (./main.c:226) [127.0.0.1:33970] Informaions récupérées avec succès
[09:44:55] [INFO]    [SERV]   (./main.c:251) La commande existe deja
[09:44:55] [INFO]    [SERV]   (./main.c:254) Renvoi du bordereau
[09:44:55] [INFO]    [CLIENT] (./main.c:300) [127.0.0.1:33970] BORD ALI1768230723 coma1215m4454
[09:44:55] [DEBUG]   [SERV]   (./main.c:155) Taille lecture 17
[09:44:55] [DEBUG]   [SERV]   (./main.c:157) Buffer value : ETA ALI1768230723
[09:44:55] [INFO]    [CLIENT] (./main.c:164) [127.0.0.1:33970] Requete CONN
[09:44:55] [INFO]    [CLIENT] (./main.c:413) [127.0.0.1:33970] numéro de suivie récupéré
[09:44:55] [INFO]    [SERV]   (./main.c:428) Récuperation de l'etat
[09:44:55] [DEBUG]   [SERV]   (./main.c:431) Etat commande char : 5
[09:44:55] [DEBUG]   [SERV]   (./main.c:432) Etat commande int : 5
[09:44:55] [DEBUG]   [SERV]   (./main.c:437) Envoi msg etat
[09:44:55] [DEBUG]   [SERV]   (./etat/etat.c:27)  >> arrive fn msg_etat av test: 5
[09:44:55] [DEBUG]   [SERV]   (./etat/etat.c:31)  >> CONNU test: 5
[09:44:55] [DEBUG]   [SERV]   (./etat/etat.c:33)  >> arrive fn msg_etat ap test: 5
[09:44:55] [DEBUG]   [SERV]   (./etat/etat.c:36)  >> arrive fn msg_etat av vrai: 5
[09:44:55] [DEBUG]   [SERV]   (./etat/etat.c:47)  >> Message etat connu : 5
[09:44:55] [DEBUG]   [SERV]   (./etat/etat.c:52) ETAT 5 message : ETA ARRPR ALI1768230723
[09:44:55] [DEBUG]   [SERV]   (./etat/etat.c:55) ETAT 5 message : ETA ARRPR ALI1768230723 envoyé
[09:44:55] [INFO]    [SERV]   (./etat/etat.c:56) ETAT 5 message : ETA ARRPR ALI1768230723 envoyé
[09:44:55] [DEBUG]   [SERV]   (./main.c:439) Envoi msg etat FIN
[09:44:55] [DEBUG]   [SERV]   (./main.c:155) Taille lecture 17
[09:44:55] [DEBUG]   [SERV]   (./main.c:157) Buffer value : ETA ALI1768245916
[09:44:55] [INFO]    [CLIENT] (./main.c:164) [127.0.0.1:33970] Requete CONN
[09:44:55] [INFO]    [CLIENT] (./main.c:413) [127.0.0.1:33970] numéro de suivie récupéré
[09:44:55] [INFO]    [SERV]   (./main.c:428) Récuperation de l'etat
[09:44:55] [DEBUG]   [SERV]   (./main.c:431) Etat commande char : 5
[09:44:55] [DEBUG]   [SERV]   (./main.c:432) Etat commande int : 5
[09:44:55] [DEBUG]   [SERV]   (./main.c:437) Envoi msg etat
[09:44:55] [DEBUG]   [SERV]   (./etat/etat.c:27)  >> arrive fn msg_etat av test: 5
[09:44:55] [DEBUG]   [SERV]   (./etat/etat.c:31)  >> CONNU test: 5
[09:44:55] [DEBUG]   [SERV]   (./etat/etat.c:33)  >> arrive fn msg_etat ap test: 5
[09:44:55] [DEBUG]   [SERV]   (./etat/etat.c:36)  >> arrive fn msg_etat av vrai: 5
[09:44:55] [DEBUG]   [SERV]   (./etat/etat.c:47)  >> Message etat connu : 5
[09:44:55] [DEBUG]   [SERV]   (./etat/etat.c:52) ETAT 5 message : ETA ARRPR ALI1768245916
[09:44:55] [DEBUG]   [SERV]   (./etat/etat.c:55) ETAT 5 message : ETA ARRPR ALI1768245916 envoyé
[09:44:55] [INFO]    [SERV]   (./etat/etat.c:56) ETAT 5 message : ETA ARRPR ALI1768245916 envoyé
[09:44:55] [DEBUG]   [SERV]   (./main.c:439) Envoi msg etat FIN
[09:44:55] [DEBUG]   [SERV]   (./main.c:155) Taille lecture 17
[09:44:55] [DEBUG]   [SERV]   (./main.c:157) Buffer value : ETA ALI1768374937
[09:44:55] [INFO]    [CLIENT] (./main.c:164) [127.0.0.1:33970] Requete CONN
[09:44:55] [INFO]    [CLIENT] (./main.c:413) [127.0.0.1:33970] numéro de suivie récupéré
[09:44:55] [INFO]    [SERV]   (./main.c:428) Récuperation de l'etat
[09:44:55] [DEBUG]   [SERV]   (./main.c:431) Etat commande char : 5
[09:44:55] [DEBUG]   [SERV]   (./main.c:432) Etat commande int : 5
[09:44:55] [DEBUG]   [SERV]   (./main.c:437) Envoi msg etat
[09:44:55] [DEBUG]   [SERV]   (./etat/etat.c:27)  >> arrive fn msg_etat av test: 5
[09:44:55] [DEBUG]   [SERV]   (./etat/etat.c:31)  >> CONNU test: 5
[09:44:55] [DEBUG]   [SERV]   (./etat/etat.c:33)  >> arrive fn msg_etat ap test: 5
[09:44:55] [DEBUG]   [SERV]   (./etat/etat.c:36)  >> arrive fn msg_etat av vrai: 5
[09:44:55] [DEBUG]   [SERV]   (./etat/etat.c:47)  >> Message etat connu : 5
[09:44:55] [DEBUG]   [SERV]   (./etat/etat.c:52) ETAT 5 message : ETA ARRPR ALI1768374937
[09:44:55] [DEBUG]   [SERV]   (./etat/etat.c:55) ETAT 5 message : ETA ARRPR ALI1768374937 envoyé
[09:44:55] [INFO]    [SERV]   (./etat/etat.c:56) ETAT 5 message : ETA ARRPR ALI1768374937 envoyé
[09:44:55] [DEBUG]   [SERV]   (./main.c:439) Envoi msg etat FIN
[09:44:55] [DEBUG]   [SERV]   (./main.c:155) Taille lecture 18
[09:44:55] [DEBUG]   [SERV]   (./main.c:157) Buffer value : ETAT ALI1245369547
[09:44:55] [INFO]    [CLIENT] (./main.c:164) [127.0.0.1:33970] Requete CONN
[09:44:55] [WARN]    [CLIENT] (./main.c:179) [127.0.0.1:33970] Commande non reconnu : CONN
[09:44:55] [INFO]    [CLIENT] (./main.c:152) [127.0.0.1:33970] Client déconnecté
[09:45:14] [INFO]    [CLIENT] (./main.c:152) [127.0.0.1:33954] Client déconnecté
[09:45:21] [DEBUG]   [SERV]   (./main.c:110) apres le accept
[09:45:21] [DEBUG]   [SERV]   (./main.c:111) <<avant le fork
[09:45:21] [DEBUG]   [SERV]   (./main.c:113) <<apres le fork
[09:45:21] [DEBUG]   [SERV]   (./main.c:195)  <<Parent pid enfant : 4383
[09:45:21] [DEBUG]   [SERV]   (./main.c:197)  <<Parent connexion ferme
[09:45:21] [DEBUG]   [SERV]   (./main.c:107) avant le accept
[09:45:21] [DEBUG]   [SERV]   (./main.c:113) <<apres le fork
[09:45:21] [DEBUG]   [SERV]   (./main.c:117)  >>Dans l'enfant pid : 4383
[09:45:21] [INFO]    [SERV]   (./main.c:119) Connexion a la BDD...
[09:45:21] [INFO]    [SERV]   (./main.c:378) Connecté a la BDD
[09:45:21] [INFO]    [SERV]   (./main.c:379) SET search_path...
[09:45:21] [INFO]    [SERV]   (./main.c:384) SET search_path success
[09:45:21] [INFO]    [SERV]   (./main.c:389) Base de données actuelle : postgres
[09:45:21] [INFO]    [SERV]   (./main.c:395) Schéma courant (search_path) : sae3_delivraptor
[09:45:21] [INFO]    [SERV]   (./main.c:123) Connexion accepté
[09:45:21] [INFO]    [CLIENT] (./main.c:139) [127.0.0.1:54860] Client connecté au service avec succès
[09:45:21] [INFO]    [CLIENT] (./main.c:352) [127.0.0.1:54860] Authentification réussie
[09:45:21] [DEBUG]   [SERV]   (./main.c:155) Taille lecture 4
[09:45:21] [DEBUG]   [SERV]   (./main.c:157) Buffer value : NEXT
[09:45:21] [INFO]    [CLIENT] (./main.c:164) [127.0.0.1:54860] Requete CONN
[09:45:21] [INFO]    [SERV]   (./main.c:456) SELECT retourne des éléments
[09:45:21] [DEBUG]   [SERV]   (./main.c:461) id suivi : ALI1768374937, etat 5
[09:45:21] [DEBUG]   [SERV]   (./main.c:466) prochain etat : 6
[09:45:21] [DEBUG]   [SERV]   (./main.c:461) id suivi : ALI1768245916, etat 5
[09:45:21] [DEBUG]   [SERV]   (./main.c:466) prochain etat : 6
[09:45:21] [DEBUG]   [SERV]   (./main.c:461) id suivi : ALI1768230723, etat 5
[09:45:21] [DEBUG]   [SERV]   (./main.c:466) prochain etat : 6
[09:46:21] [INFO]    [CLIENT] (./main.c:152) [127.0.0.1:54860] Client déconnecté
[09:46:28] [DEBUG]   [SERV]   (./main.c:110) apres le accept
[09:46:28] [DEBUG]   [SERV]   (./main.c:111) <<avant le fork
[09:46:28] [DEBUG]   [SERV]   (./main.c:113) <<apres le fork
[09:46:28] [DEBUG]   [SERV]   (./main.c:195)  <<Parent pid enfant : 4509
[09:46:28] [DEBUG]   [SERV]   (./main.c:197)  <<Parent connexion ferme
[09:46:28] [DEBUG]   [SERV]   (./main.c:107) avant le accept
[09:46:28] [DEBUG]   [SERV]   (./main.c:113) <<apres le fork
[09:46:28] [DEBUG]   [SERV]   (./main.c:117)  >>Dans l'enfant pid : 4509
[09:46:28] [INFO]    [SERV]   (./main.c:119) Connexion a la BDD...
[09:46:28] [INFO]    [SERV]   (./main.c:378) Connecté a la BDD
[09:46:28] [INFO]    [SERV]   (./main.c:379) SET search_path...
[09:46:28] [INFO]    [SERV]   (./main.c:384) SET search_path success
[09:46:28] [INFO]    [SERV]   (./main.c:389) Base de données actuelle : postgres
[09:46:28] [INFO]    [SERV]   (./main.c:395) Schéma courant (search_path) : sae3_delivraptor
[09:46:28] [INFO]    [SERV]   (./main.c:123) Connexion accepté
[09:46:28] [INFO]    [CLIENT] (./main.c:139) [127.0.0.1:40970] Client connecté au service avec succès
[09:46:28] [INFO]    [CLIENT] (./main.c:352) [127.0.0.1:40970] Authentification réussie
[09:46:28] [DEBUG]   [SERV]   (./main.c:155) Taille lecture 4
[09:46:28] [DEBUG]   [SERV]   (./main.c:157) Buffer value : NEXT
[09:46:28] [INFO]    [CLIENT] (./main.c:164) [127.0.0.1:40970] Requete CONN
[09:46:28] [INFO]    [SERV]   (./main.c:456) SELECT retourne des éléments
[09:46:28] [DEBUG]   [SERV]   (./main.c:461) id suivi : ALI1768374937, etat 6
[09:46:28] [DEBUG]   [SERV]   (./main.c:466) prochain etat : 7
[09:46:28] [DEBUG]   [SERV]   (./main.c:461) id suivi : ALI1768245916, etat 6
[09:46:28] [DEBUG]   [SERV]   (./main.c:466) prochain etat : 7
[09:46:28] [DEBUG]   [SERV]   (./main.c:461) id suivi : ALI1768230723, etat 6
[09:46:28] [DEBUG]   [SERV]   (./main.c:466) prochain etat : 7
[09:47:28] [INFO]    [CLIENT] (./main.c:152) [127.0.0.1:40970] Client déconnecté
[09:47:35] [DEBUG]   [SERV]   (./main.c:110) apres le accept
[09:47:35] [DEBUG]   [SERV]   (./main.c:111) <<avant le fork
[09:47:35] [DEBUG]   [SERV]   (./main.c:113) <<apres le fork
[09:47:35] [DEBUG]   [SERV]   (./main.c:195)  <<Parent pid enfant : 4588
[09:47:35] [DEBUG]   [SERV]   (./main.c:197)  <<Parent connexion ferme
[09:47:35] [DEBUG]   [SERV]   (./main.c:107) avant le accept
[09:47:35] [DEBUG]   [SERV]   (./main.c:113) <<apres le fork
[09:47:35] [DEBUG]   [SERV]   (./main.c:117)  >>Dans l'enfant pid : 4588
[09:47:35] [INFO]    [SERV]   (./main.c:119) Connexion a la BDD...
[09:47:35] [INFO]    [SERV]   (./main.c:378) Connecté a la BDD
[09:47:35] [INFO]    [SERV]   (./main.c:379) SET search_path...
[09:47:35] [INFO]    [SERV]   (./main.c:384) SET search_path success
[09:47:35] [INFO]    [SERV]   (./main.c:389) Base de données actuelle : postgres
[09:47:35] [INFO]    [SERV]   (./main.c:395) Schéma courant (search_path) : sae3_delivraptor
[09:47:35] [INFO]    [SERV]   (./main.c:123) Connexion accepté
[09:47:35] [INFO]    [CLIENT] (./main.c:139) [127.0.0.1:59648] Client connecté au service avec succès
[09:47:35] [INFO]    [CLIENT] (./main.c:352) [127.0.0.1:59648] Authentification réussie
[09:47:35] [DEBUG]   [SERV]   (./main.c:155) Taille lecture 4
[09:47:35] [DEBUG]   [SERV]   (./main.c:157) Buffer value : NEXT
[09:47:35] [INFO]    [CLIENT] (./main.c:164) [127.0.0.1:59648] Requete CONN
[09:47:35] [INFO]    [SERV]   (./main.c:456) SELECT retourne des éléments
[09:47:35] [DEBUG]   [SERV]   (./main.c:461) id suivi : ALI1768374937, etat 7
[09:47:35] [DEBUG]   [SERV]   (./main.c:466) prochain etat : 8
[09:47:35] [DEBUG]   [SERV]   (./main.c:461) id suivi : ALI1768245916, etat 7
[09:47:35] [DEBUG]   [SERV]   (./main.c:466) prochain etat : 8
[09:47:35] [DEBUG]   [SERV]   (./main.c:461) id suivi : ALI1768230723, etat 7
[09:47:35] [DEBUG]   [SERV]   (./main.c:466) prochain etat : 8
[09:48:35] [INFO]    [CLIENT] (./main.c:152) [127.0.0.1:59648] Client déconnecté
[09:52:44] [INFO]    [SERV]   (./main.c:69) **Démarrage du service Delivraptor**
[09:52:44] [INFO]    [SERV]   (./main.c:80) Socket configuré
[09:52:44] [INFO]    [SERV]   (./main.c:95) Adresse ip et port configurées
[09:52:44] [INFO]    [SERV]   (./main.c:100) Socket en écoute
[09:52:44] [DEBUG]   [SERV]   (./main.c:107) avant le accept
[09:52:56] [INFO]    [SERV]   (./main.c:69) **Démarrage du service Delivraptor**
[09:52:56] [INFO]    [SERV]   (./main.c:80) Socket configuré
[09:52:56] [INFO]    [SERV]   (./main.c:95) Adresse ip et port configurées
[09:52:56] [INFO]    [SERV]   (./main.c:100) Socket en écoute
[09:52:56] [DEBUG]   [SERV]   (./main.c:107) avant le accept
[09:52:59] [DEBUG]   [SERV]   (./main.c:110) apres le accept
[09:52:59] [DEBUG]   [SERV]   (./main.c:111) <<avant le fork
[09:52:59] [DEBUG]   [SERV]   (./main.c:113) <<apres le fork
[09:52:59] [DEBUG]   [SERV]   (./main.c:196)  <<Parent pid enfant : 4749
[09:52:59] [DEBUG]   [SERV]   (./main.c:198)  <<Parent connexion ferme
[09:52:59] [DEBUG]   [SERV]   (./main.c:107) avant le accept
[09:52:59] [DEBUG]   [SERV]   (./main.c:113) <<apres le fork
[09:52:59] [DEBUG]   [SERV]   (./main.c:117)  >>Dans l'enfant pid : 4749
[09:52:59] [INFO]    [SERV]   (./main.c:119) Connexion a la BDD...
[09:52:59] [INFO]    [SERV]   (./main.c:379) Connecté a la BDD
[09:52:59] [INFO]    [SERV]   (./main.c:380) SET search_path...
[09:52:59] [INFO]    [SERV]   (./main.c:385) SET search_path success
[09:52:59] [INFO]    [SERV]   (./main.c:390) Base de données actuelle : postgres
[09:52:59] [INFO]    [SERV]   (./main.c:396) Schéma courant (search_path) : sae3_delivraptor
[09:52:59] [INFO]    [SERV]   (./main.c:123) Connexion accepté
[09:52:59] [INFO]    [CLIENT] (./main.c:139) [127.0.0.1:53332] Client connecté au service avec succès
[09:52:59] [INFO]    [CLIENT] (./main.c:353) [127.0.0.1:53332] Authentification réussie
[09:52:59] [DEBUG]   [SERV]   (./main.c:155) Taille lecture 4
[09:52:59] [DEBUG]   [SERV]   (./main.c:157) Buffer value : NEXT
[09:52:59] [INFO]    [CLIENT] (./main.c:164) [127.0.0.1:53332] Requete CONN
[09:52:59] [INFO]    [SERV]   (./main.c:457) SELECT retourne des éléments
[09:52:59] [DEBUG]   [SERV]   (./main.c:462) id suivi : ALI1768374937, etat 8
[09:52:59] [DEBUG]   [SERV]   (./main.c:467) prochain etat : 9
[09:52:59] [DEBUG]   [SERV]   (./main.c:462) id suivi : ALI1768245916, etat 8
[09:52:59] [DEBUG]   [SERV]   (./main.c:467) prochain etat : 9
[09:52:59] [DEBUG]   [SERV]   (./main.c:462) id suivi : ALI1768230723, etat 8
[09:52:59] [DEBUG]   [SERV]   (./main.c:467) prochain etat : 9
[09:52:59] [INFO]    [CLIENT] (./main.c:152) [127.0.0.1:53332] Client déconnecté
[09:53:01] [DEBUG]   [SERV]   (./main.c:110) apres le accept
[09:53:01] [DEBUG]   [SERV]   (./main.c:111) <<avant le fork
[09:53:01] [DEBUG]   [SERV]   (./main.c:113) <<apres le fork
[09:53:01] [DEBUG]   [SERV]   (./main.c:196)  <<Parent pid enfant : 4763
[09:53:01] [DEBUG]   [SERV]   (./main.c:198)  <<Parent connexion ferme
[09:53:01] [DEBUG]   [SERV]   (./main.c:107) avant le accept
[09:53:01] [DEBUG]   [SERV]   (./main.c:113) <<apres le fork
[09:53:01] [DEBUG]   [SERV]   (./main.c:117)  >>Dans l'enfant pid : 4763
[09:53:01] [INFO]    [SERV]   (./main.c:119) Connexion a la BDD...
[09:53:01] [INFO]    [SERV]   (./main.c:379) Connecté a la BDD
[09:53:01] [INFO]    [SERV]   (./main.c:380) SET search_path...
[09:53:01] [INFO]    [SERV]   (./main.c:385) SET search_path success
[09:53:01] [INFO]    [SERV]   (./main.c:390) Base de données actuelle : postgres
[09:53:01] [INFO]    [SERV]   (./main.c:396) Schéma courant (search_path) : sae3_delivraptor
[09:53:01] [INFO]    [SERV]   (./main.c:123) Connexion accepté
[09:53:01] [INFO]    [CLIENT] (./main.c:139) [127.0.0.1:53342] Client connecté au service avec succès
[09:53:01] [INFO]    [CLIENT] (./main.c:353) [127.0.0.1:53342] Authentification réussie
[09:53:01] [DEBUG]   [SERV]   (./main.c:155) Taille lecture 73
[09:53:01] [DEBUG]   [SERV]   (./main.c:157) Buffer value : ADD 144254 alizon |1 rue branly| 22300 roussel mewen |3 rue machin| 22450
[09:53:01] [INFO]    [CLIENT] (./main.c:164) [127.0.0.1:53342] Requete CONN
[09:53:01] [INFO]    [CLIENT] (./main.c:227) [127.0.0.1:53342] Informaions récupérées avec succès
[09:53:01] [INFO]    [SERV]   (./main.c:252) La commande existe deja
[09:53:01] [INFO]    [SERV]   (./main.c:255) Renvoi du bordereau
[09:53:01] [INFO]    [CLIENT] (./main.c:301) [127.0.0.1:53342] BORD ALI1768374937 com144254
[09:53:01] [DEBUG]   [SERV]   (./main.c:155) Taille lecture 17
[09:53:01] [DEBUG]   [SERV]   (./main.c:157) Buffer value : ETA ALI1768374937
[09:53:01] [INFO]    [CLIENT] (./main.c:164) [127.0.0.1:53342] Requete CONN
[09:53:01] [INFO]    [CLIENT] (./main.c:414) [127.0.0.1:53342] numéro de suivie récupéré
[09:53:01] [INFO]    [SERV]   (./main.c:429) Récuperation de l'etat
[09:53:01] [DEBUG]   [SERV]   (./main.c:432) Etat commande char : 9
[09:53:01] [DEBUG]   [SERV]   (./main.c:433) Etat commande int : 9
[09:53:01] [DEBUG]   [SERV]   (./main.c:438) Envoi msg etat
[09:53:01] [DEBUG]   [SERV]   (./etat/etat.c:27)  >> arrive fn msg_etat av test: 9
[09:53:01] [DEBUG]   [SERV]   (./etat/etat.c:31)  >> CONNU test: 9
[09:53:01] [DEBUG]   [SERV]   (./etat/etat.c:33)  >> arrive fn msg_etat ap test: 9
[09:53:01] [DEBUG]   [SERV]   (./etat/etat.c:36)  >> arrive fn msg_etat av vrai: 9
[09:53:01] [DEBUG]   [SERV]   (./etat/etat.c:47)  >> Message etat connu : 9
[09:53:01] [DEBUG]   [SERV]   (./etat/etat.c:52) ETAT 9 message : ETA LVR ALI1768374937
[09:53:01] [DEBUG]   [SERV]   (./etat/etat.c:55) ETAT 9 message : ETA LVR ALI1768374937 envoyé
[09:53:01] [INFO]    [SERV]   (./etat/etat.c:56) ETAT 9 message : ETA LVR ALI1768374937 envoyé
[09:53:01] [DEBUG]   [SERV]   (./main.c:440) Envoi msg etat FIN
[09:53:06] [DEBUG]   [SERV]   (./main.c:110) apres le accept
[09:53:06] [DEBUG]   [SERV]   (./main.c:111) <<avant le fork
[09:53:06] [DEBUG]   [SERV]   (./main.c:113) <<apres le fork
[09:53:06] [DEBUG]   [SERV]   (./main.c:196)  <<Parent pid enfant : 4765
[09:53:06] [DEBUG]   [SERV]   (./main.c:198)  <<Parent connexion ferme
[09:53:06] [DEBUG]   [SERV]   (./main.c:107) avant le accept
[09:53:06] [DEBUG]   [SERV]   (./main.c:113) <<apres le fork
[09:53:06] [DEBUG]   [SERV]   (./main.c:117)  >>Dans l'enfant pid : 4765
[09:53:06] [INFO]    [SERV]   (./main.c:119) Connexion a la BDD...
[09:53:06] [INFO]    [SERV]   (./main.c:379) Connecté a la BDD
[09:53:06] [INFO]    [SERV]   (./main.c:380) SET search_path...
[09:53:06] [INFO]    [SERV]   (./main.c:385) SET search_path success
[09:53:06] [INFO]    [SERV]   (./main.c:390) Base de données actuelle : postgres
[09:53:06] [INFO]    [SERV]   (./main.c:396) Schéma courant (search_path) : sae3_delivraptor
[09:53:06] [INFO]    [SERV]   (./main.c:123) Connexion accepté
[09:53:06] [INFO]    [CLIENT] (./main.c:139) [127.0.0.1:53356] Client connecté au service avec succès
[09:53:06] [INFO]    [CLIENT] (./main.c:353) [127.0.0.1:53356] Authentification réussie
[09:53:06] [DEBUG]   [SERV]   (./main.c:155) Taille lecture 4
[09:53:06] [DEBUG]   [SERV]   (./main.c:157) Buffer value : NEXT
[09:53:06] [INFO]    [CLIENT] (./main.c:164) [127.0.0.1:53356] Requete CONN
[09:53:06] [INFO]    [CLIENT] (./main.c:152) [127.0.0.1:53356] Client déconnecté
[09:53:11] [DEBUG]   [SERV]   (./main.c:155) Taille lecture 75
[09:53:11] [DEBUG]   [SERV]   (./main.c:157) Buffer value : ADD 15223 alizon |1 rue branly| 22300 parveau korentin |5 rue bidule| 29130
[09:53:11] [INFO]    [CLIENT] (./main.c:164) [127.0.0.1:53342] Requete CONN
[09:53:11] [INFO]    [CLIENT] (./main.c:227) [127.0.0.1:53342] Informaions récupérées avec succès
[09:53:11] [INFO]    [SERV]   (./main.c:252) La commande existe deja
[09:53:11] [INFO]    [SERV]   (./main.c:255) Renvoi du bordereau
[09:53:11] [INFO]    [CLIENT] (./main.c:301) [127.0.0.1:53342] BORD ALI1768245916 com15223
[09:53:11] [DEBUG]   [SERV]   (./main.c:155) Taille lecture 17
[09:53:11] [DEBUG]   [SERV]   (./main.c:157) Buffer value : ETA ALI1768245916
[09:53:11] [INFO]    [CLIENT] (./main.c:164) [127.0.0.1:53342] Requete CONN
[09:53:11] [INFO]    [CLIENT] (./main.c:414) [127.0.0.1:53342] numéro de suivie récupéré
[09:53:11] [INFO]    [SERV]   (./main.c:429) Récuperation de l'etat
[09:53:11] [DEBUG]   [SERV]   (./main.c:432) Etat commande char : 9
[09:53:11] [DEBUG]   [SERV]   (./main.c:433) Etat commande int : 9
[09:53:11] [DEBUG]   [SERV]   (./main.c:438) Envoi msg etat
[09:53:11] [DEBUG]   [SERV]   (./etat/etat.c:27)  >> arrive fn msg_etat av test: 9
[09:53:11] [DEBUG]   [SERV]   (./etat/etat.c:31)  >> CONNU test: 9
[09:53:11] [DEBUG]   [SERV]   (./etat/etat.c:33)  >> arrive fn msg_etat ap test: 9
[09:53:11] [DEBUG]   [SERV]   (./etat/etat.c:36)  >> arrive fn msg_etat av vrai: 9
[09:53:11] [DEBUG]   [SERV]   (./etat/etat.c:47)  >> Message etat connu : 9
[09:53:11] [DEBUG]   [SERV]   (./etat/etat.c:52) ETAT 9 message : ETA LVR ALI1768245916
[09:53:11] [DEBUG]   [SERV]   (./etat/etat.c:55) ETAT 9 message : ETA LVR ALI1768245916 envoyé
[09:53:11] [INFO]    [SERV]   (./etat/etat.c:56) ETAT 9 message : ETA LVR ALI1768245916 envoyé
[09:53:11] [DEBUG]   [SERV]   (./main.c:440) Envoi msg etat FIN
[09:53:11] [DEBUG]   [SERV]   (./main.c:155) Taille lecture 17
[09:53:11] [DEBUG]   [SERV]   (./main.c:157) Buffer value : ETA ALI1768374937
[09:53:11] [INFO]    [CLIENT] (./main.c:164) [127.0.0.1:53342] Requete CONN
[09:53:11] [INFO]    [CLIENT] (./main.c:414) [127.0.0.1:53342] numéro de suivie récupéré
[09:53:11] [INFO]    [SERV]   (./main.c:429) Récuperation de l'etat
[09:53:11] [DEBUG]   [SERV]   (./main.c:432) Etat commande char : 9
[09:53:11] [DEBUG]   [SERV]   (./main.c:433) Etat commande int : 9
[09:53:11] [DEBUG]   [SERV]   (./main.c:438) Envoi msg etat
[09:53:11] [DEBUG]   [SERV]   (./etat/etat.c:27)  >> arrive fn msg_etat av test: 9
[09:53:11] [DEBUG]   [SERV]   (./etat/etat.c:31)  >> CONNU test: 9
[09:53:11] [DEBUG]   [SERV]   (./etat/etat.c:33)  >> arrive fn msg_etat ap test: 9
[09:53:11] [DEBUG]   [SERV]   (./etat/etat.c:36)  >> arrive fn msg_etat av vrai: 9
[09:53:11] [DEBUG]   [SERV]   (./etat/etat.c:47)  >> Message etat connu : 9
[09:53:11] [DEBUG]   [SERV]   (./etat/etat.c:52) ETAT 9 message : ETA LVR ALI1768374937
[09:53:11] [DEBUG]   [SERV]   (./etat/etat.c:55) ETAT 9 message : ETA LVR ALI1768374937 envoyé
[09:53:11] [INFO]    [SERV]   (./etat/etat.c:56) ETAT 9 message : ETA LVR ALI1768374937 envoyé
[09:53:11] [DEBUG]   [SERV]   (./main.c:440) Envoi msg etat FIN
[09:53:13] [DEBUG]   [SERV]   (./main.c:110) apres le accept
[09:53:13] [DEBUG]   [SERV]   (./main.c:111) <<avant le fork
[09:53:13] [DEBUG]   [SERV]   (./main.c:113) <<apres le fork
[09:53:13] [DEBUG]   [SERV]   (./main.c:196)  <<Parent pid enfant : 4767
[09:53:13] [DEBUG]   [SERV]   (./main.c:198)  <<Parent connexion ferme
[09:53:13] [DEBUG]   [SERV]   (./main.c:107) avant le accept
[09:53:13] [DEBUG]   [SERV]   (./main.c:113) <<apres le fork
[09:53:13] [DEBUG]   [SERV]   (./main.c:117)  >>Dans l'enfant pid : 4767
[09:53:13] [INFO]    [SERV]   (./main.c:119) Connexion a la BDD...
[09:53:13] [INFO]    [SERV]   (./main.c:379) Connecté a la BDD
[09:53:13] [INFO]    [SERV]   (./main.c:380) SET search_path...
[09:53:13] [INFO]    [SERV]   (./main.c:385) SET search_path success
[09:53:13] [INFO]    [SERV]   (./main.c:390) Base de données actuelle : postgres
[09:53:13] [INFO]    [SERV]   (./main.c:396) Schéma courant (search_path) : sae3_delivraptor
[09:53:13] [INFO]    [SERV]   (./main.c:123) Connexion accepté
[09:53:13] [INFO]    [CLIENT] (./main.c:139) [127.0.0.1:37780] Client connecté au service avec succès
[09:53:13] [INFO]    [CLIENT] (./main.c:353) [127.0.0.1:37780] Authentification réussie
[09:53:13] [DEBUG]   [SERV]   (./main.c:155) Taille lecture 4
[09:53:13] [DEBUG]   [SERV]   (./main.c:157) Buffer value : NEXT
[09:53:13] [INFO]    [CLIENT] (./main.c:164) [127.0.0.1:37780] Requete CONN
[09:53:13] [INFO]    [CLIENT] (./main.c:152) [127.0.0.1:37780] Client déconnecté
[09:53:20] [DEBUG]   [SERV]   (./main.c:110) apres le accept
[09:53:20] [DEBUG]   [SERV]   (./main.c:111) <<avant le fork
[09:53:20] [DEBUG]   [SERV]   (./main.c:113) <<apres le fork
[09:53:20] [DEBUG]   [SERV]   (./main.c:196)  <<Parent pid enfant : 4775
[09:53:20] [DEBUG]   [SERV]   (./main.c:198)  <<Parent connexion ferme
[09:53:20] [DEBUG]   [SERV]   (./main.c:107) avant le accept
[09:53:20] [DEBUG]   [SERV]   (./main.c:113) <<apres le fork
[09:53:20] [DEBUG]   [SERV]   (./main.c:117)  >>Dans l'enfant pid : 4775
[09:53:20] [INFO]    [SERV]   (./main.c:119) Connexion a la BDD...
[09:53:20] [INFO]    [SERV]   (./main.c:379) Connecté a la BDD
[09:53:20] [INFO]    [SERV]   (./main.c:380) SET search_path...
[09:53:20] [INFO]    [SERV]   (./main.c:385) SET search_path success
[09:53:20] [INFO]    [SERV]   (./main.c:390) Base de données actuelle : postgres
[09:53:20] [INFO]    [SERV]   (./main.c:396) Schéma courant (search_path) : sae3_delivraptor
[09:53:20] [INFO]    [SERV]   (./main.c:123) Connexion accepté
[09:53:20] [INFO]    [CLIENT] (./main.c:139) [127.0.0.1:33270] Client connecté au service avec succès
[09:53:20] [INFO]    [CLIENT] (./main.c:353) [127.0.0.1:33270] Authentification réussie
[09:53:20] [DEBUG]   [SERV]   (./main.c:155) Taille lecture 4
[09:53:20] [DEBUG]   [SERV]   (./main.c:157) Buffer value : NEXT
[09:53:20] [INFO]    [CLIENT] (./main.c:164) [127.0.0.1:33270] Requete CONN
[09:53:20] [INFO]    [CLIENT] (./main.c:152) [127.0.0.1:33270] Client déconnecté
[09:53:21] [DEBUG]   [SERV]   (./main.c:155) Taille lecture 17
[09:53:21] [DEBUG]   [SERV]   (./main.c:157) Buffer value : ETA ALI1245369547
[09:53:21] [INFO]    [CLIENT] (./main.c:164) [127.0.0.1:53342] Requete CONN
[09:53:21] [INFO]    [CLIENT] (./main.c:414) [127.0.0.1:53342] numéro de suivie récupéré
[09:53:21] [INFO]    [CLIENT] (./main.c:435) [127.0.0.1:53342] Id_suivi ALI1245369547 n'existe pas
[09:53:21] [DEBUG]   [SERV]   (./main.c:438) Envoi msg etat
[09:53:21] [DEBUG]   [SERV]   (./etat/etat.c:27)  >> arrive fn msg_etat av test: 0
[09:53:21] [DEBUG]   [SERV]   (./etat/etat.c:29)  >> INCONNU test: 0
[09:53:21] [DEBUG]   [SERV]   (./etat/etat.c:33)  >> arrive fn msg_etat ap test: 0
[09:53:21] [DEBUG]   [SERV]   (./etat/etat.c:36)  >> arrive fn msg_etat av vrai: 0
[09:53:21] [DEBUG]   [SERV]   (./etat/etat.c:42)  >> Message etat inconnu : 0
[09:53:21] [DEBUG]   [SERV]   (./etat/etat.c:52) ETAT 0 message : ETA ERR INCO ALI1245369547
[09:53:21] [DEBUG]   [SERV]   (./etat/etat.c:55) ETAT 0 message : ETA ERR INCO ALI1245369547 envoyé
[09:53:21] [INFO]    [SERV]   (./etat/etat.c:56) ETAT 0 message : ETA ERR INCO ALI1245369547 envoyé
[09:53:21] [DEBUG]   [SERV]   (./main.c:440) Envoi msg etat FIN
[09:53:41] [DEBUG]   [SERV]   (./main.c:155) Taille lecture 80
[09:53:41] [DEBUG]   [SERV]   (./main.c:157) Buffer value : ADD a1215m4454 alizon |1 rue branly| 22300 parveau korentin |5 rue bidule| 29130
[09:53:41] [INFO]    [CLIENT] (./main.c:164) [127.0.0.1:53342] Requete CONN
[09:53:41] [INFO]    [CLIENT] (./main.c:227) [127.0.0.1:53342] Informaions récupérées avec succès
[09:53:41] [INFO]    [SERV]   (./main.c:252) La commande existe deja
[09:53:41] [INFO]    [SERV]   (./main.c:255) Renvoi du bordereau
[09:53:41] [INFO]    [CLIENT] (./main.c:301) [127.0.0.1:53342] BORD ALI1768230723 coma1215m4454
[09:53:41] [DEBUG]   [SERV]   (./main.c:155) Taille lecture 17
[09:53:41] [DEBUG]   [SERV]   (./main.c:157) Buffer value : ETA ALI1768230723
[09:53:41] [INFO]    [CLIENT] (./main.c:164) [127.0.0.1:53342] Requete CONN
[09:53:41] [INFO]    [CLIENT] (./main.c:414) [127.0.0.1:53342] numéro de suivie récupéré
[09:53:41] [INFO]    [SERV]   (./main.c:429) Récuperation de l'etat
[09:53:41] [DEBUG]   [SERV]   (./main.c:432) Etat commande char : 9
[09:53:41] [DEBUG]   [SERV]   (./main.c:433) Etat commande int : 9
[09:53:41] [DEBUG]   [SERV]   (./main.c:438) Envoi msg etat
[09:53:41] [DEBUG]   [SERV]   (./etat/etat.c:27)  >> arrive fn msg_etat av test: 9
[09:53:41] [DEBUG]   [SERV]   (./etat/etat.c:31)  >> CONNU test: 9
[09:53:41] [DEBUG]   [SERV]   (./etat/etat.c:33)  >> arrive fn msg_etat ap test: 9
[09:53:41] [DEBUG]   [SERV]   (./etat/etat.c:36)  >> arrive fn msg_etat av vrai: 9
[09:53:41] [DEBUG]   [SERV]   (./etat/etat.c:47)  >> Message etat connu : 9
[09:53:41] [DEBUG]   [SERV]   (./etat/etat.c:52) ETAT 9 message : ETA LVR ALI1768230723
[09:53:41] [DEBUG]   [SERV]   (./etat/etat.c:55) ETAT 9 message : ETA LVR ALI1768230723 envoyé
[09:53:41] [INFO]    [SERV]   (./etat/etat.c:56) ETAT 9 message : ETA LVR ALI1768230723 envoyé
[09:53:41] [DEBUG]   [SERV]   (./main.c:440) Envoi msg etat FIN
[09:53:41] [DEBUG]   [SERV]   (./main.c:155) Taille lecture 17
[09:53:41] [DEBUG]   [SERV]   (./main.c:157) Buffer value : ETA ALI1768245916
[09:53:41] [INFO]    [CLIENT] (./main.c:164) [127.0.0.1:53342] Requete CONN
[09:53:41] [INFO]    [CLIENT] (./main.c:414) [127.0.0.1:53342] numéro de suivie récupéré
[09:53:41] [INFO]    [SERV]   (./main.c:429) Récuperation de l'etat
[09:53:41] [DEBUG]   [SERV]   (./main.c:432) Etat commande char : 9
[09:53:41] [DEBUG]   [SERV]   (./main.c:433) Etat commande int : 9
[09:53:41] [DEBUG]   [SERV]   (./main.c:438) Envoi msg etat
[09:53:41] [DEBUG]   [SERV]   (./etat/etat.c:27)  >> arrive fn msg_etat av test: 9
[09:53:41] [DEBUG]   [SERV]   (./etat/etat.c:31)  >> CONNU test: 9
[09:53:41] [DEBUG]   [SERV]   (./etat/etat.c:33)  >> arrive fn msg_etat ap test: 9
[09:53:41] [DEBUG]   [SERV]   (./etat/etat.c:36)  >> arrive fn msg_etat av vrai: 9
[09:53:41] [DEBUG]   [SERV]   (./etat/etat.c:47)  >> Message etat connu : 9
[09:53:41] [DEBUG]   [SERV]   (./etat/etat.c:52) ETAT 9 message : ETA LVR ALI1768245916
[09:53:41] [DEBUG]   [SERV]   (./etat/etat.c:55) ETAT 9 message : ETA LVR ALI1768245916 envoyé
[09:53:41] [INFO]    [SERV]   (./etat/etat.c:56) ETAT 9 message : ETA LVR ALI1768245916 envoyé
[09:53:41] [DEBUG]   [SERV]   (./main.c:440) Envoi msg etat FIN
[09:53:41] [DEBUG]   [SERV]   (./main.c:155) Taille lecture 17
[09:53:41] [DEBUG]   [SERV]   (./main.c:157) Buffer value : ETA ALI1768374937
[09:53:41] [INFO]    [CLIENT] (./main.c:164) [127.0.0.1:53342] Requete CONN
[09:53:41] [INFO]    [CLIENT] (./main.c:414) [127.0.0.1:53342] numéro de suivie récupéré
[09:53:41] [INFO]    [SERV]   (./main.c:429) Récuperation de l'etat
[09:53:41] [DEBUG]   [SERV]   (./main.c:432) Etat commande char : 9
[09:53:41] [DEBUG]   [SERV]   (./main.c:433) Etat commande int : 9
[09:53:41] [DEBUG]   [SERV]   (./main.c:438) Envoi msg etat
[09:53:41] [DEBUG]   [SERV]   (./etat/etat.c:27)  >> arrive fn msg_etat av test: 9
[09:53:41] [DEBUG]   [SERV]   (./etat/etat.c:31)  >> CONNU test: 9
[09:53:41] [DEBUG]   [SERV]   (./etat/etat.c:33)  >> arrive fn msg_etat ap test: 9
[09:53:41] [DEBUG]   [SERV]   (./etat/etat.c:36)  >> arrive fn msg_etat av vrai: 9
[09:53:41] [DEBUG]   [SERV]   (./etat/etat.c:47)  >> Message etat connu : 9
[09:53:41] [DEBUG]   [SERV]   (./etat/etat.c:52) ETAT 9 message : ETA LVR ALI1768374937
[09:53:41] [DEBUG]   [SERV]   (./etat/etat.c:55) ETAT 9 message : ETA LVR ALI1768374937 envoyé
[09:53:41] [INFO]    [SERV]   (./etat/etat.c:56) ETAT 9 message : ETA LVR ALI1768374937 envoyé
[09:53:41] [DEBUG]   [SERV]   (./main.c:440) Envoi msg etat FIN
[09:53:41] [DEBUG]   [SERV]   (./main.c:155) Taille lecture 18
[09:53:41] [DEBUG]   [SERV]   (./main.c:157) Buffer value : ETAT ALI1245369547
[09:53:41] [INFO]    [CLIENT] (./main.c:164) [127.0.0.1:53342] Requete CONN
[09:53:41] [WARN]    [CLIENT] (./main.c:180) [127.0.0.1:53342] Commande non reconnu : CONN
[09:53:41] [INFO]    [CLIENT] (./main.c:152) [127.0.0.1:53342] Client déconnecté
[10:00:38] [INFO]    [SERV]   (./main.c:69) **Démarrage du service Delivraptor**
[10:00:38] [INFO]    [SERV]   (./main.c:80) Socket configuré
[10:00:38] [INFO]    [SERV]   (./main.c:95) Adresse ip et port configurées
[10:00:38] [INFO]    [SERV]   (./main.c:100) Socket en écoute
[10:00:38] [DEBUG]   [SERV]   (./main.c:107) avant le accept
[10:00:42] [DEBUG]   [SERV]   (./main.c:110) apres le accept
[10:00:42] [DEBUG]   [SERV]   (./main.c:111) <<avant le fork
[10:00:42] [DEBUG]   [SERV]   (./main.c:113) <<apres le fork
[10:00:42] [DEBUG]   [SERV]   (./main.c:196)  <<Parent pid enfant : 4973
[10:00:42] [DEBUG]   [SERV]   (./main.c:198)  <<Parent connexion ferme
[10:00:42] [DEBUG]   [SERV]   (./main.c:107) avant le accept
[10:00:42] [DEBUG]   [SERV]   (./main.c:113) <<apres le fork
[10:00:42] [DEBUG]   [SERV]   (./main.c:117)  >>Dans l'enfant pid : 4973
[10:00:42] [INFO]    [SERV]   (./main.c:119) Connexion a la BDD...
[10:00:42] [INFO]    [SERV]   (./main.c:379) Connecté a la BDD
[10:00:42] [INFO]    [SERV]   (./main.c:380) SET search_path...
[10:00:42] [INFO]    [SERV]   (./main.c:385) SET search_path success
[10:00:42] [INFO]    [SERV]   (./main.c:390) Base de données actuelle : postgres
[10:00:42] [INFO]    [SERV]   (./main.c:396) Schéma courant (search_path) : sae3_delivraptor
[10:00:42] [INFO]    [SERV]   (./main.c:123) Connexion accepté
[10:00:42] [INFO]    [CLIENT] (./main.c:139) [127.0.0.1:56510] Client connecté au service avec succès
[10:00:42] [INFO]    [CLIENT] (./main.c:353) [127.0.0.1:56510] Authentification réussie
[10:00:42] [DEBUG]   [SERV]   (./main.c:155) Taille lecture 4
[10:00:42] [DEBUG]   [SERV]   (./main.c:157) Buffer value : NEXT
[10:00:42] [INFO]    [CLIENT] (./main.c:164) [127.0.0.1:56510] Requete CONN
[10:00:42] [INFO]    [CLIENT] (./main.c:152) [127.0.0.1:56510] Client déconnecté
[10:00:44] [DEBUG]   [SERV]   (./main.c:110) apres le accept
[10:00:44] [DEBUG]   [SERV]   (./main.c:111) <<avant le fork
[10:00:44] [DEBUG]   [SERV]   (./main.c:113) <<apres le fork
[10:00:44] [DEBUG]   [SERV]   (./main.c:196)  <<Parent pid enfant : 4985
[10:00:44] [DEBUG]   [SERV]   (./main.c:198)  <<Parent connexion ferme
[10:00:44] [DEBUG]   [SERV]   (./main.c:107) avant le accept
[10:00:44] [DEBUG]   [SERV]   (./main.c:113) <<apres le fork
[10:00:44] [DEBUG]   [SERV]   (./main.c:117)  >>Dans l'enfant pid : 4985
[10:00:44] [INFO]    [SERV]   (./main.c:119) Connexion a la BDD...
[10:00:44] [INFO]    [SERV]   (./main.c:379) Connecté a la BDD
[10:00:44] [INFO]    [SERV]   (./main.c:380) SET search_path...
[10:00:44] [INFO]    [SERV]   (./main.c:385) SET search_path success
[10:00:44] [INFO]    [SERV]   (./main.c:390) Base de données actuelle : postgres
[10:00:44] [INFO]    [SERV]   (./main.c:396) Schéma courant (search_path) : sae3_delivraptor
[10:00:44] [INFO]    [SERV]   (./main.c:123) Connexion accepté
[10:00:44] [INFO]    [CLIENT] (./main.c:139) [127.0.0.1:56522] Client connecté au service avec succès
[10:00:44] [ERROR]   [CLIENT] (./main.c:357) [127.0.0.1:56522] Authentification échoué : Identifiants incorrect
[10:00:46] [DEBUG]   [SERV]   (./main.c:110) apres le accept
[10:00:46] [DEBUG]   [SERV]   (./main.c:111) <<avant le fork
[10:00:46] [DEBUG]   [SERV]   (./main.c:113) <<apres le fork
[10:00:46] [DEBUG]   [SERV]   (./main.c:196)  <<Parent pid enfant : 4988
[10:00:46] [DEBUG]   [SERV]   (./main.c:198)  <<Parent connexion ferme
[10:00:46] [DEBUG]   [SERV]   (./main.c:107) avant le accept
[10:00:46] [DEBUG]   [SERV]   (./main.c:113) <<apres le fork
[10:00:46] [DEBUG]   [SERV]   (./main.c:117)  >>Dans l'enfant pid : 4988
[10:00:46] [INFO]    [SERV]   (./main.c:119) Connexion a la BDD...
[10:00:46] [INFO]    [SERV]   (./main.c:379) Connecté a la BDD
[10:00:46] [INFO]    [SERV]   (./main.c:380) SET search_path...
[10:00:46] [INFO]    [SERV]   (./main.c:385) SET search_path success
[10:00:46] [INFO]    [SERV]   (./main.c:390) Base de données actuelle : postgres
[10:00:46] [INFO]    [SERV]   (./main.c:396) Schéma courant (search_path) : sae3_delivraptor
[10:00:46] [INFO]    [SERV]   (./main.c:123) Connexion accepté
[10:00:46] [INFO]    [CLIENT] (./main.c:139) [127.0.0.1:56536] Client connecté au service avec succès
[10:00:46] [ERROR]   [CLIENT] (./main.c:357) [127.0.0.1:56536] Authentification échoué : Identifiants incorrect
[10:00:49] [DEBUG]   [SERV]   (./main.c:110) apres le accept
[10:00:49] [DEBUG]   [SERV]   (./main.c:111) <<avant le fork
[10:00:49] [DEBUG]   [SERV]   (./main.c:113) <<apres le fork
[10:00:49] [DEBUG]   [SERV]   (./main.c:196)  <<Parent pid enfant : 4990
[10:00:49] [DEBUG]   [SERV]   (./main.c:198)  <<Parent connexion ferme
[10:00:49] [DEBUG]   [SERV]   (./main.c:107) avant le accept
[10:00:49] [DEBUG]   [SERV]   (./main.c:113) <<apres le fork
[10:00:49] [DEBUG]   [SERV]   (./main.c:117)  >>Dans l'enfant pid : 4990
[10:00:49] [INFO]    [SERV]   (./main.c:119) Connexion a la BDD...
[10:00:49] [INFO]    [SERV]   (./main.c:379) Connecté a la BDD
[10:00:49] [INFO]    [SERV]   (./main.c:380) SET search_path...
[10:00:49] [INFO]    [SERV]   (./main.c:385) SET search_path success
[10:00:49] [INFO]    [SERV]   (./main.c:390) Base de données actuelle : postgres
[10:00:49] [INFO]    [SERV]   (./main.c:396) Schéma courant (search_path) : sae3_delivraptor
[10:00:49] [INFO]    [SERV]   (./main.c:123) Connexion accepté
[10:00:49] [INFO]    [CLIENT] (./main.c:139) [127.0.0.1:51576] Client connecté au service avec succès
[10:00:49] [INFO]    [CLIENT] (./main.c:353) [127.0.0.1:51576] Authentification réussie
[10:00:49] [DEBUG]   [SERV]   (./main.c:155) Taille lecture 4
[10:00:49] [DEBUG]   [SERV]   (./main.c:157) Buffer value : NEXT
[10:00:49] [INFO]    [CLIENT] (./main.c:164) [127.0.0.1:51576] Requete CONN
[10:00:49] [INFO]    [CLIENT] (./main.c:152) [127.0.0.1:51576] Client déconnecté
[10:00:56] [DEBUG]   [SERV]   (./main.c:110) apres le accept
[10:00:56] [DEBUG]   [SERV]   (./main.c:111) <<avant le fork
[10:00:56] [DEBUG]   [SERV]   (./main.c:113) <<apres le fork
[10:00:56] [DEBUG]   [SERV]   (./main.c:196)  <<Parent pid enfant : 4992
[10:00:56] [DEBUG]   [SERV]   (./main.c:198)  <<Parent connexion ferme
[10:00:56] [DEBUG]   [SERV]   (./main.c:107) avant le accept
[10:00:56] [DEBUG]   [SERV]   (./main.c:113) <<apres le fork
[10:00:56] [DEBUG]   [SERV]   (./main.c:117)  >>Dans l'enfant pid : 4992
[10:00:56] [INFO]    [SERV]   (./main.c:119) Connexion a la BDD...
[10:00:56] [INFO]    [SERV]   (./main.c:379) Connecté a la BDD
[10:00:56] [INFO]    [SERV]   (./main.c:380) SET search_path...
[10:00:56] [INFO]    [SERV]   (./main.c:385) SET search_path success
[10:00:56] [INFO]    [SERV]   (./main.c:390) Base de données actuelle : postgres
[10:00:56] [INFO]    [SERV]   (./main.c:396) Schéma courant (search_path) : sae3_delivraptor
[10:00:56] [INFO]    [SERV]   (./main.c:123) Connexion accepté
[10:00:56] [INFO]    [CLIENT] (./main.c:139) [127.0.0.1:51592] Client connecté au service avec succès
[10:00:56] [INFO]    [CLIENT] (./main.c:353) [127.0.0.1:51592] Authentification réussie
[10:00:56] [DEBUG]   [SERV]   (./main.c:155) Taille lecture 4
[10:00:56] [DEBUG]   [SERV]   (./main.c:157) Buffer value : NEXT
[10:00:56] [INFO]    [CLIENT] (./main.c:164) [127.0.0.1:51592] Requete CONN
[10:00:56] [INFO]    [CLIENT] (./main.c:152) [127.0.0.1:51592] Client déconnecté
[10:01:03] [DEBUG]   [SERV]   (./main.c:110) apres le accept
[10:01:03] [DEBUG]   [SERV]   (./main.c:111) <<avant le fork
[10:01:03] [DEBUG]   [SERV]   (./main.c:113) <<apres le fork
[10:01:03] [DEBUG]   [SERV]   (./main.c:196)  <<Parent pid enfant : 4995
[10:01:03] [DEBUG]   [SERV]   (./main.c:198)  <<Parent connexion ferme
[10:01:03] [DEBUG]   [SERV]   (./main.c:107) avant le accept
[10:01:03] [DEBUG]   [SERV]   (./main.c:113) <<apres le fork
[10:01:03] [DEBUG]   [SERV]   (./main.c:117)  >>Dans l'enfant pid : 4995
[10:01:03] [INFO]    [SERV]   (./main.c:119) Connexion a la BDD...
[10:01:03] [INFO]    [SERV]   (./main.c:379) Connecté a la BDD
[10:01:03] [INFO]    [SERV]   (./main.c:380) SET search_path...
[10:01:03] [INFO]    [SERV]   (./main.c:385) SET search_path success
[10:01:03] [INFO]    [SERV]   (./main.c:390) Base de données actuelle : postgres
[10:01:03] [INFO]    [SERV]   (./main.c:396) Schéma courant (search_path) : sae3_delivraptor
[10:01:03] [INFO]    [SERV]   (./main.c:123) Connexion accepté
[10:01:03] [INFO]    [CLIENT] (./main.c:139) [127.0.0.1:49424] Client connecté au service avec succès
[10:01:03] [INFO]    [CLIENT] (./main.c:353) [127.0.0.1:49424] Authentification réussie
[10:01:03] [DEBUG]   [SERV]   (./main.c:155) Taille lecture 4
[10:01:03] [DEBUG]   [SERV]   (./main.c:157) Buffer value : NEXT
[10:01:03] [INFO]    [CLIENT] (./main.c:164) [127.0.0.1:49424] Requete CONN
[10:01:03] [INFO]    [CLIENT] (./main.c:152) [127.0.0.1:49424] Client déconnecté
[10:06:02] [INFO]    [SERV]   (./main.c:69) **Démarrage du service Delivraptor**
[10:06:02] [INFO]    [SERV]   (./main.c:80) Socket configuré
[10:06:02] [INFO]    [SERV]   (./main.c:95) Adresse ip et port configurées
[10:06:02] [INFO]    [SERV]   (./main.c:100) Socket en écoute
[10:06:02] [DEBUG]   [SERV]   (./main.c:107) avant le accept
[10:06:03] [DEBUG]   [SERV]   (./main.c:110) apres le accept
[10:06:03] [DEBUG]   [SERV]   (./main.c:111) <<avant le fork
[10:06:03] [DEBUG]   [SERV]   (./main.c:113) <<apres le fork
[10:06:03] [DEBUG]   [SERV]   (./main.c:196)  <<Parent pid enfant : 5179
[10:06:03] [DEBUG]   [SERV]   (./main.c:198)  <<Parent connexion ferme
[10:06:03] [DEBUG]   [SERV]   (./main.c:107) avant le accept
[10:06:03] [DEBUG]   [SERV]   (./main.c:113) <<apres le fork
[10:06:03] [DEBUG]   [SERV]   (./main.c:117)  >>Dans l'enfant pid : 5179
[10:06:03] [INFO]    [SERV]   (./main.c:119) Connexion a la BDD...
[10:06:03] [INFO]    [SERV]   (./main.c:380) Connecté a la BDD
[10:06:03] [INFO]    [SERV]   (./main.c:381) SET search_path...
[10:06:03] [INFO]    [SERV]   (./main.c:386) SET search_path success
[10:06:03] [INFO]    [SERV]   (./main.c:391) Base de données actuelle : postgres
[10:06:03] [INFO]    [SERV]   (./main.c:397) Schéma courant (search_path) : sae3_delivraptor
[10:06:03] [INFO]    [SERV]   (./main.c:123) Connexion accepté
[10:06:03] [INFO]    [CLIENT] (./main.c:139) [127.0.0.1:50344] Client connecté au service avec succès
[10:06:03] [DEBUG]   [CLIENT] (./main.c:337) [127.0.0.1:50344] usr : mewen mdp : 1234
[10:06:03] [INFO]    [CLIENT] (./main.c:354) [127.0.0.1:50344] Authentification réussie
[10:06:03] [DEBUG]   [SERV]   (./main.c:155) Taille lecture 4
[10:06:03] [DEBUG]   [SERV]   (./main.c:157) Buffer value : NEXT
[10:06:03] [INFO]    [CLIENT] (./main.c:164) [127.0.0.1:50344] Requete CONN
[10:06:03] [INFO]    [CLIENT] (./main.c:152) [127.0.0.1:50344] Client déconnecté
[10:06:04] [DEBUG]   [SERV]   (./main.c:110) apres le accept
[10:06:04] [DEBUG]   [SERV]   (./main.c:111) <<avant le fork
[10:06:04] [DEBUG]   [SERV]   (./main.c:113) <<apres le fork
[10:06:04] [DEBUG]   [SERV]   (./main.c:196)  <<Parent pid enfant : 5191
[10:06:04] [DEBUG]   [SERV]   (./main.c:198)  <<Parent connexion ferme
[10:06:04] [DEBUG]   [SERV]   (./main.c:107) avant le accept
[10:06:04] [DEBUG]   [SERV]   (./main.c:113) <<apres le fork
[10:06:04] [DEBUG]   [SERV]   (./main.c:117)  >>Dans l'enfant pid : 5191
[10:06:04] [INFO]    [SERV]   (./main.c:119) Connexion a la BDD...
[10:06:04] [INFO]    [SERV]   (./main.c:380) Connecté a la BDD
[10:06:04] [INFO]    [SERV]   (./main.c:381) SET search_path...
[10:06:04] [INFO]    [SERV]   (./main.c:386) SET search_path success
[10:06:04] [INFO]    [SERV]   (./main.c:391) Base de données actuelle : postgres
[10:06:04] [INFO]    [SERV]   (./main.c:397) Schéma courant (search_path) : sae3_delivraptor
[10:06:04] [INFO]    [SERV]   (./main.c:123) Connexion accepté
[10:06:04] [INFO]    [CLIENT] (./main.c:139) [127.0.0.1:50350] Client connecté au service avec succès
[10:06:04] [DEBUG]   [CLIENT] (./main.c:337) [127.0.0.1:50350] usr : mewen mdp : 1234/f
[10:06:04] [ERROR]   [CLIENT] (./main.c:358) [127.0.0.1:50350] Authentification échoué : Identifiants incorrect
[10:06:10] [DEBUG]   [SERV]   (./main.c:110) apres le accept
[10:06:10] [DEBUG]   [SERV]   (./main.c:111) <<avant le fork
[10:06:10] [DEBUG]   [SERV]   (./main.c:113) <<apres le fork
[10:06:10] [DEBUG]   [SERV]   (./main.c:196)  <<Parent pid enfant : 5193
[10:06:10] [DEBUG]   [SERV]   (./main.c:198)  <<Parent connexion ferme
[10:06:10] [DEBUG]   [SERV]   (./main.c:107) avant le accept
[10:06:10] [DEBUG]   [SERV]   (./main.c:113) <<apres le fork
[10:06:10] [DEBUG]   [SERV]   (./main.c:117)  >>Dans l'enfant pid : 5193
[10:06:10] [INFO]    [SERV]   (./main.c:119) Connexion a la BDD...
[10:06:10] [INFO]    [SERV]   (./main.c:380) Connecté a la BDD
[10:06:10] [INFO]    [SERV]   (./main.c:381) SET search_path...
[10:06:10] [INFO]    [SERV]   (./main.c:386) SET search_path success
[10:06:10] [INFO]    [SERV]   (./main.c:391) Base de données actuelle : postgres
[10:06:10] [INFO]    [SERV]   (./main.c:397) Schéma courant (search_path) : sae3_delivraptor
[10:06:10] [INFO]    [SERV]   (./main.c:123) Connexion accepté
[10:06:10] [INFO]    [CLIENT] (./main.c:139) [127.0.0.1:59366] Client connecté au service avec succès
[10:06:10] [DEBUG]   [CLIENT] (./main.c:337) [127.0.0.1:59366] usr : mewen mdp : 1234
[10:06:10] [INFO]    [CLIENT] (./main.c:354) [127.0.0.1:59366] Authentification réussie
[10:06:10] [DEBUG]   [SERV]   (./main.c:155) Taille lecture 4
[10:06:10] [DEBUG]   [SERV]   (./main.c:157) Buffer value : NEXT
[10:06:10] [INFO]    [CLIENT] (./main.c:164) [127.0.0.1:59366] Requete CONN
[10:06:10] [INFO]    [CLIENT] (./main.c:152) [127.0.0.1:59366] Client déconnecté
[10:06:17] [DEBUG]   [SERV]   (./main.c:110) apres le accept
[10:06:17] [DEBUG]   [SERV]   (./main.c:111) <<avant le fork
[10:06:17] [DEBUG]   [SERV]   (./main.c:113) <<apres le fork
[10:06:17] [DEBUG]   [SERV]   (./main.c:196)  <<Parent pid enfant : 5198
[10:06:17] [DEBUG]   [SERV]   (./main.c:198)  <<Parent connexion ferme
[10:06:17] [DEBUG]   [SERV]   (./main.c:107) avant le accept
[10:06:17] [DEBUG]   [SERV]   (./main.c:113) <<apres le fork
[10:06:17] [DEBUG]   [SERV]   (./main.c:117)  >>Dans l'enfant pid : 5198
[10:06:17] [INFO]    [SERV]   (./main.c:119) Connexion a la BDD...
[10:06:17] [INFO]    [SERV]   (./main.c:380) Connecté a la BDD
[10:06:17] [INFO]    [SERV]   (./main.c:381) SET search_path...
[10:06:17] [INFO]    [SERV]   (./main.c:386) SET search_path success
[10:06:17] [INFO]    [SERV]   (./main.c:391) Base de données actuelle : postgres
[10:06:17] [INFO]    [SERV]   (./main.c:397) Schéma courant (search_path) : sae3_delivraptor
[10:06:17] [INFO]    [SERV]   (./main.c:123) Connexion accepté
[10:06:17] [INFO]    [CLIENT] (./main.c:139) [127.0.0.1:59372] Client connecté au service avec succès
[10:06:17] [DEBUG]   [CLIENT] (./main.c:337) [127.0.0.1:59372] usr : mewen mdp : 1234
[10:06:17] [INFO]    [CLIENT] (./main.c:354) [127.0.0.1:59372] Authentification réussie
[10:06:17] [DEBUG]   [SERV]   (./main.c:155) Taille lecture 4
[10:06:17] [DEBUG]   [SERV]   (./main.c:157) Buffer value : NEXT
[10:06:17] [INFO]    [CLIENT] (./main.c:164) [127.0.0.1:59372] Requete CONN
[10:06:17] [INFO]    [CLIENT] (./main.c:152) [127.0.0.1:59372] Client déconnecté
[10:06:24] [DEBUG]   [SERV]   (./main.c:110) apres le accept
[10:06:24] [DEBUG]   [SERV]   (./main.c:111) <<avant le fork
[10:06:24] [DEBUG]   [SERV]   (./main.c:113) <<apres le fork
[10:06:24] [DEBUG]   [SERV]   (./main.c:196)  <<Parent pid enfant : 5201
[10:06:24] [DEBUG]   [SERV]   (./main.c:198)  <<Parent connexion ferme
[10:06:24] [DEBUG]   [SERV]   (./main.c:107) avant le accept
[10:06:24] [DEBUG]   [SERV]   (./main.c:113) <<apres le fork
[10:06:24] [DEBUG]   [SERV]   (./main.c:117)  >>Dans l'enfant pid : 5201
[10:06:24] [INFO]    [SERV]   (./main.c:119) Connexion a la BDD...
[10:06:25] [INFO]    [SERV]   (./main.c:380) Connecté a la BDD
[10:06:25] [INFO]    [SERV]   (./main.c:381) SET search_path...
[10:06:25] [INFO]    [SERV]   (./main.c:386) SET search_path success
[10:06:25] [INFO]    [SERV]   (./main.c:391) Base de données actuelle : postgres
[10:06:25] [INFO]    [SERV]   (./main.c:397) Schéma courant (search_path) : sae3_delivraptor
[10:06:25] [INFO]    [SERV]   (./main.c:123) Connexion accepté
[10:06:25] [INFO]    [CLIENT] (./main.c:139) [127.0.0.1:38098] Client connecté au service avec succès
[10:06:25] [DEBUG]   [CLIENT] (./main.c:337) [127.0.0.1:38098] usr : mewen mdp : 1234
[10:06:25] [INFO]    [CLIENT] (./main.c:354) [127.0.0.1:38098] Authentification réussie
[10:06:25] [DEBUG]   [SERV]   (./main.c:155) Taille lecture 4
[10:06:25] [DEBUG]   [SERV]   (./main.c:157) Buffer value : NEXT
[10:06:25] [INFO]    [CLIENT] (./main.c:164) [127.0.0.1:38098] Requete CONN
[10:06:25] [INFO]    [CLIENT] (./main.c:152) [127.0.0.1:38098] Client déconnecté
[10:07:19] [INFO]    [SERV]   (./main.c:69) **Démarrage du service Delivraptor**
[10:07:19] [INFO]    [SERV]   (./main.c:80) Socket configuré
[10:07:19] [INFO]    [SERV]   (./main.c:95) Adresse ip et port configurées
[10:07:19] [INFO]    [SERV]   (./main.c:100) Socket en écoute
[10:07:19] [DEBUG]   [SERV]   (./main.c:107) avant le accept
[10:07:20] [DEBUG]   [SERV]   (./main.c:110) apres le accept
[10:07:20] [DEBUG]   [SERV]   (./main.c:111) <<avant le fork
[10:07:20] [DEBUG]   [SERV]   (./main.c:113) <<apres le fork
[10:07:20] [DEBUG]   [SERV]   (./main.c:196)  <<Parent pid enfant : 5290
[10:07:20] [DEBUG]   [SERV]   (./main.c:198)  <<Parent connexion ferme
[10:07:20] [DEBUG]   [SERV]   (./main.c:107) avant le accept
[10:07:20] [DEBUG]   [SERV]   (./main.c:113) <<apres le fork
[10:07:20] [DEBUG]   [SERV]   (./main.c:117)  >>Dans l'enfant pid : 5290
[10:07:20] [INFO]    [SERV]   (./main.c:119) Connexion a la BDD...
[10:07:20] [INFO]    [SERV]   (./main.c:380) Connecté a la BDD
[10:07:20] [INFO]    [SERV]   (./main.c:381) SET search_path...
[10:07:20] [INFO]    [SERV]   (./main.c:386) SET search_path success
[10:07:20] [INFO]    [SERV]   (./main.c:391) Base de données actuelle : postgres
[10:07:20] [INFO]    [SERV]   (./main.c:397) Schéma courant (search_path) : sae3_delivraptor
[10:07:20] [INFO]    [SERV]   (./main.c:123) Connexion accepté
[10:07:20] [INFO]    [CLIENT] (./main.c:139) [127.0.0.1:54964] Client connecté au service avec succès
[10:07:20] [DEBUG]   [CLIENT] (./main.c:337) [127.0.0.1:54964] usr : mewen mdp : 1234
[10:07:20] [INFO]    [CLIENT] (./main.c:354) [127.0.0.1:54964] Authentification réussie
[10:07:20] [DEBUG]   [SERV]   (./main.c:155) Taille lecture 4
[10:07:20] [DEBUG]   [SERV]   (./main.c:157) Buffer value : NEXT
[10:07:20] [INFO]    [CLIENT] (./main.c:164) [127.0.0.1:54964] Requete CONN
[10:07:20] [INFO]    [CLIENT] (./main.c:152) [127.0.0.1:54964] Client déconnecté
[10:07:21] [DEBUG]   [SERV]   (./main.c:110) apres le accept
[10:07:21] [DEBUG]   [SERV]   (./main.c:111) <<avant le fork
[10:07:21] [DEBUG]   [SERV]   (./main.c:113) <<apres le fork
[10:07:21] [DEBUG]   [SERV]   (./main.c:196)  <<Parent pid enfant : 5299
[10:07:21] [DEBUG]   [SERV]   (./main.c:198)  <<Parent connexion ferme
[10:07:21] [DEBUG]   [SERV]   (./main.c:107) avant le accept
[10:07:21] [DEBUG]   [SERV]   (./main.c:113) <<apres le fork
[10:07:21] [DEBUG]   [SERV]   (./main.c:117)  >>Dans l'enfant pid : 5299
[10:07:21] [INFO]    [SERV]   (./main.c:119) Connexion a la BDD...
[10:07:21] [INFO]    [SERV]   (./main.c:380) Connecté a la BDD
[10:07:21] [INFO]    [SERV]   (./main.c:381) SET search_path...
[10:07:21] [INFO]    [SERV]   (./main.c:386) SET search_path success
[10:07:21] [INFO]    [SERV]   (./main.c:391) Base de données actuelle : postgres
[10:07:21] [INFO]    [SERV]   (./main.c:397) Schéma courant (search_path) : sae3_delivraptor
[10:07:21] [INFO]    [SERV]   (./main.c:123) Connexion accepté
[10:07:21] [INFO]    [CLIENT] (./main.c:139) [127.0.0.1:54968] Client connecté au service avec succès
[10:07:21] [DEBUG]   [CLIENT] (./main.c:337) [127.0.0.1:54968] usr : mewen mdp : 1234/f
[10:07:21] [ERROR]   [CLIENT] (./main.c:358) [127.0.0.1:54968] Authentification échoué : Identifiants incorrect
[10:07:27] [DEBUG]   [SERV]   (./main.c:110) apres le accept
[10:07:27] [DEBUG]   [SERV]   (./main.c:111) <<avant le fork
[10:07:27] [DEBUG]   [SERV]   (./main.c:113) <<apres le fork
[10:07:27] [DEBUG]   [SERV]   (./main.c:196)  <<Parent pid enfant : 5302
[10:07:27] [DEBUG]   [SERV]   (./main.c:198)  <<Parent connexion ferme
[10:07:27] [DEBUG]   [SERV]   (./main.c:107) avant le accept
[10:07:27] [DEBUG]   [SERV]   (./main.c:113) <<apres le fork
[10:07:27] [DEBUG]   [SERV]   (./main.c:117)  >>Dans l'enfant pid : 5302
[10:07:27] [INFO]    [SERV]   (./main.c:119) Connexion a la BDD...
[10:07:27] [INFO]    [SERV]   (./main.c:380) Connecté a la BDD
[10:07:27] [INFO]    [SERV]   (./main.c:381) SET search_path...
[10:07:27] [INFO]    [SERV]   (./main.c:386) SET search_path success
[10:07:27] [INFO]    [SERV]   (./main.c:391) Base de données actuelle : postgres
[10:07:27] [INFO]    [SERV]   (./main.c:397) Schéma courant (search_path) : sae3_delivraptor
[10:07:27] [INFO]    [SERV]   (./main.c:123) Connexion accepté
[10:07:27] [INFO]    [CLIENT] (./main.c:139) [127.0.0.1:54972] Client connecté au service avec succès
[10:07:27] [DEBUG]   [CLIENT] (./main.c:337) [127.0.0.1:54972] usr : mewen mdp : 1234
[10:07:27] [INFO]    [CLIENT] (./main.c:354) [127.0.0.1:54972] Authentification réussie
[10:07:27] [DEBUG]   [SERV]   (./main.c:155) Taille lecture 4
[10:07:27] [DEBUG]   [SERV]   (./main.c:157) Buffer value : NEXT
[10:07:27] [INFO]    [CLIENT] (./main.c:164) [127.0.0.1:54972] Requete CONN
[10:07:27] [INFO]    [CLIENT] (./main.c:152) [127.0.0.1:54972] Client déconnecté
[10:07:34] [DEBUG]   [SERV]   (./main.c:110) apres le accept
[10:07:34] [DEBUG]   [SERV]   (./main.c:111) <<avant le fork
[10:07:34] [DEBUG]   [SERV]   (./main.c:113) <<apres le fork
[10:07:34] [DEBUG]   [SERV]   (./main.c:196)  <<Parent pid enfant : 5306
[10:07:34] [DEBUG]   [SERV]   (./main.c:198)  <<Parent connexion ferme
[10:07:34] [DEBUG]   [SERV]   (./main.c:107) avant le accept
[10:07:34] [DEBUG]   [SERV]   (./main.c:113) <<apres le fork
[10:07:34] [DEBUG]   [SERV]   (./main.c:117)  >>Dans l'enfant pid : 5306
[10:07:34] [INFO]    [SERV]   (./main.c:119) Connexion a la BDD...
[10:07:34] [INFO]    [SERV]   (./main.c:380) Connecté a la BDD
[10:07:34] [INFO]    [SERV]   (./main.c:381) SET search_path...
[10:07:34] [INFO]    [SERV]   (./main.c:386) SET search_path success
[10:07:34] [INFO]    [SERV]   (./main.c:391) Base de données actuelle : postgres
[10:07:34] [INFO]    [SERV]   (./main.c:397) Schéma courant (search_path) : sae3_delivraptor
[10:07:34] [INFO]    [SERV]   (./main.c:123) Connexion accepté
[10:07:34] [INFO]    [CLIENT] (./main.c:139) [127.0.0.1:54096] Client connecté au service avec succès
[10:07:34] [DEBUG]   [CLIENT] (./main.c:337) [127.0.0.1:54096] usr : mewen mdp : 1234
[10:07:34] [INFO]    [CLIENT] (./main.c:354) [127.0.0.1:54096] Authentification réussie
[10:07:34] [DEBUG]   [SERV]   (./main.c:155) Taille lecture 4
[10:07:34] [DEBUG]   [SERV]   (./main.c:157) Buffer value : NEXT
[10:07:34] [INFO]    [CLIENT] (./main.c:164) [127.0.0.1:54096] Requete CONN
[10:07:34] [INFO]    [CLIENT] (./main.c:152) [127.0.0.1:54096] Client déconnecté
[10:07:41] [DEBUG]   [SERV]   (./main.c:110) apres le accept
[10:07:41] [DEBUG]   [SERV]   (./main.c:111) <<avant le fork
[10:07:41] [DEBUG]   [SERV]   (./main.c:113) <<apres le fork
[10:07:41] [DEBUG]   [SERV]   (./main.c:196)  <<Parent pid enfant : 5326
[10:07:41] [DEBUG]   [SERV]   (./main.c:198)  <<Parent connexion ferme
[10:07:41] [DEBUG]   [SERV]   (./main.c:107) avant le accept
[10:07:41] [DEBUG]   [SERV]   (./main.c:113) <<apres le fork
[10:07:41] [DEBUG]   [SERV]   (./main.c:117)  >>Dans l'enfant pid : 5326
[10:07:41] [INFO]    [SERV]   (./main.c:119) Connexion a la BDD...
[10:07:41] [INFO]    [SERV]   (./main.c:380) Connecté a la BDD
[10:07:41] [INFO]    [SERV]   (./main.c:381) SET search_path...
[10:07:41] [INFO]    [SERV]   (./main.c:386) SET search_path success
[10:07:41] [INFO]    [SERV]   (./main.c:391) Base de données actuelle : postgres
[10:07:41] [INFO]    [SERV]   (./main.c:397) Schéma courant (search_path) : sae3_delivraptor
[10:07:41] [INFO]    [SERV]   (./main.c:123) Connexion accepté
[10:07:41] [INFO]    [CLIENT] (./main.c:139) [127.0.0.1:56604] Client connecté au service avec succès
[10:07:41] [DEBUG]   [CLIENT] (./main.c:337) [127.0.0.1:56604] usr : mewen mdp : 1234
[10:07:41] [INFO]    [CLIENT] (./main.c:354) [127.0.0.1:56604] Authentification réussie
[10:07:41] [DEBUG]   [SERV]   (./main.c:155) Taille lecture 4
[10:07:41] [DEBUG]   [SERV]   (./main.c:157) Buffer value : NEXT
[10:07:41] [INFO]    [CLIENT] (./main.c:164) [127.0.0.1:56604] Requete CONN
[10:07:41] [INFO]    [CLIENT] (./main.c:152) [127.0.0.1:56604] Client déconnecté
[10:11:59] [INFO]    [SERV]   (./main.c:69) **Démarrage du service Delivraptor**
[10:11:59] [INFO]    [SERV]   (./main.c:80) Socket configuré
[10:11:59] [INFO]    [SERV]   (./main.c:95) Adresse ip et port configurées
[10:11:59] [INFO]    [SERV]   (./main.c:100) Socket en écoute
[10:11:59] [DEBUG]   [SERV]   (./main.c:107) avant le accept
[10:13:33] [INFO]    [SERV]   (./main.c:69) **Démarrage du service Delivraptor**
[10:13:33] [INFO]    [SERV]   (./main.c:80) Socket configuré
[10:13:33] [INFO]    [SERV]   (./main.c:95) Adresse ip et port configurées
[10:13:33] [INFO]    [SERV]   (./main.c:100) Socket en écoute
[10:13:33] [DEBUG]   [SERV]   (./main.c:107) avant le accept
[10:13:36] [DEBUG]   [SERV]   (./main.c:110) apres le accept
[10:13:36] [DEBUG]   [SERV]   (./main.c:111) <<avant le fork
[10:13:36] [DEBUG]   [SERV]   (./main.c:113) <<apres le fork
[10:13:36] [DEBUG]   [SERV]   (./main.c:197)  <<Parent pid enfant : 5831
[10:13:36] [DEBUG]   [SERV]   (./main.c:199)  <<Parent connexion ferme
[10:13:36] [DEBUG]   [SERV]   (./main.c:107) avant le accept
[10:13:36] [DEBUG]   [SERV]   (./main.c:113) <<apres le fork
[10:13:36] [DEBUG]   [SERV]   (./main.c:117)  >>Dans l'enfant pid : 5831
[10:13:36] [INFO]    [SERV]   (./main.c:119) Connexion a la BDD...
[10:13:36] [INFO]    [SERV]   (./main.c:381) Connecté a la BDD
[10:13:36] [INFO]    [SERV]   (./main.c:382) SET search_path...
[10:13:36] [INFO]    [SERV]   (./main.c:387) SET search_path success
[10:13:36] [INFO]    [SERV]   (./main.c:392) Base de données actuelle : postgres
[10:13:36] [INFO]    [SERV]   (./main.c:398) Schéma courant (search_path) : sae3_delivraptor
[10:13:36] [INFO]    [SERV]   (./main.c:123) Connexion accepté
[10:13:36] [INFO]    [CLIENT] (./main.c:139) [127.0.0.1:49832] Client connecté au service avec succès
[10:13:36] [DEBUG]   [CLIENT] (./main.c:338) [127.0.0.1:49832] usr : mewen mdp : 1234
[10:13:36] [INFO]    [CLIENT] (./main.c:355) [127.0.0.1:49832] Authentification réussie
[10:13:36] [DEBUG]   [SERV]   (./main.c:155) Taille lecture 4
[10:13:36] [DEBUG]   [SERV]   (./main.c:157) Buffer value : NEXT
[10:13:36] [INFO]    [CLIENT] (./main.c:165) [127.0.0.1:49832] Requete CONN
[10:13:36] [INFO]    [CLIENT] (./main.c:152) [127.0.0.1:49832] Client déconnecté
[10:13:37] [DEBUG]   [SERV]   (./main.c:110) apres le accept
[10:13:37] [DEBUG]   [SERV]   (./main.c:111) <<avant le fork
[10:13:37] [DEBUG]   [SERV]   (./main.c:113) <<apres le fork
[10:13:37] [DEBUG]   [SERV]   (./main.c:197)  <<Parent pid enfant : 5842
[10:13:37] [DEBUG]   [SERV]   (./main.c:199)  <<Parent connexion ferme
[10:13:37] [DEBUG]   [SERV]   (./main.c:107) avant le accept
[10:13:37] [DEBUG]   [SERV]   (./main.c:113) <<apres le fork
[10:13:37] [DEBUG]   [SERV]   (./main.c:117)  >>Dans l'enfant pid : 5842
[10:13:37] [INFO]    [SERV]   (./main.c:119) Connexion a la BDD...
[10:13:37] [INFO]    [SERV]   (./main.c:381) Connecté a la BDD
[10:13:37] [INFO]    [SERV]   (./main.c:382) SET search_path...
[10:13:37] [INFO]    [SERV]   (./main.c:387) SET search_path success
[10:13:37] [INFO]    [SERV]   (./main.c:392) Base de données actuelle : postgres
[10:13:37] [INFO]    [SERV]   (./main.c:398) Schéma courant (search_path) : sae3_delivraptor
[10:13:37] [INFO]    [SERV]   (./main.c:123) Connexion accepté
[10:13:37] [INFO]    [CLIENT] (./main.c:139) [127.0.0.1:49836] Client connecté au service avec succès
[10:13:37] [DEBUG]   [CLIENT] (./main.c:338) [127.0.0.1:49836] usr : mewen mdp : 1234/f
[10:13:37] [ERROR]   [CLIENT] (./main.c:359) [127.0.0.1:49836] Authentification échoué : Identifiants incorrect
[10:13:43] [DEBUG]   [SERV]   (./main.c:110) apres le accept
[10:13:43] [DEBUG]   [SERV]   (./main.c:111) <<avant le fork
[10:13:43] [DEBUG]   [SERV]   (./main.c:113) <<apres le fork
[10:13:43] [DEBUG]   [SERV]   (./main.c:197)  <<Parent pid enfant : 5845
[10:13:43] [DEBUG]   [SERV]   (./main.c:199)  <<Parent connexion ferme
[10:13:43] [DEBUG]   [SERV]   (./main.c:107) avant le accept
[10:13:43] [DEBUG]   [SERV]   (./main.c:113) <<apres le fork
[10:13:43] [DEBUG]   [SERV]   (./main.c:117)  >>Dans l'enfant pid : 5845
[10:13:43] [INFO]    [SERV]   (./main.c:119) Connexion a la BDD...
[10:13:43] [INFO]    [SERV]   (./main.c:381) Connecté a la BDD
[10:13:43] [INFO]    [SERV]   (./main.c:382) SET search_path...
[10:13:43] [INFO]    [SERV]   (./main.c:387) SET search_path success
[10:13:43] [INFO]    [SERV]   (./main.c:392) Base de données actuelle : postgres
[10:13:43] [INFO]    [SERV]   (./main.c:398) Schéma courant (search_path) : sae3_delivraptor
[10:13:43] [INFO]    [SERV]   (./main.c:123) Connexion accepté
[10:13:43] [INFO]    [CLIENT] (./main.c:139) [127.0.0.1:53958] Client connecté au service avec succès
[10:13:43] [DEBUG]   [CLIENT] (./main.c:338) [127.0.0.1:53958] usr : mewen mdp : 1234
[10:13:43] [INFO]    [CLIENT] (./main.c:355) [127.0.0.1:53958] Authentification réussie
[10:13:43] [DEBUG]   [SERV]   (./main.c:155) Taille lecture 4
[10:13:43] [DEBUG]   [SERV]   (./main.c:157) Buffer value : NEXT
[10:13:43] [INFO]    [CLIENT] (./main.c:165) [127.0.0.1:53958] Requete CONN
[10:13:43] [INFO]    [CLIENT] (./main.c:152) [127.0.0.1:53958] Client déconnecté
[10:13:50] [DEBUG]   [SERV]   (./main.c:110) apres le accept
[10:13:50] [DEBUG]   [SERV]   (./main.c:111) <<avant le fork
[10:13:50] [DEBUG]   [SERV]   (./main.c:113) <<apres le fork
[10:13:50] [DEBUG]   [SERV]   (./main.c:197)  <<Parent pid enfant : 5850
[10:13:50] [DEBUG]   [SERV]   (./main.c:199)  <<Parent connexion ferme
[10:13:50] [DEBUG]   [SERV]   (./main.c:107) avant le accept
[10:13:50] [DEBUG]   [SERV]   (./main.c:113) <<apres le fork
[10:13:50] [DEBUG]   [SERV]   (./main.c:117)  >>Dans l'enfant pid : 5850
[10:13:50] [INFO]    [SERV]   (./main.c:119) Connexion a la BDD...
[10:13:50] [INFO]    [SERV]   (./main.c:381) Connecté a la BDD
[10:13:50] [INFO]    [SERV]   (./main.c:382) SET search_path...
[10:13:50] [INFO]    [SERV]   (./main.c:387) SET search_path success
[10:13:50] [INFO]    [SERV]   (./main.c:392) Base de données actuelle : postgres
[10:13:50] [INFO]    [SERV]   (./main.c:398) Schéma courant (search_path) : sae3_delivraptor
[10:13:50] [INFO]    [SERV]   (./main.c:123) Connexion accepté
[10:13:50] [INFO]    [CLIENT] (./main.c:139) [127.0.0.1:38596] Client connecté au service avec succès
[10:13:50] [DEBUG]   [CLIENT] (./main.c:338) [127.0.0.1:38596] usr : mewen mdp : 1234
[10:13:50] [INFO]    [CLIENT] (./main.c:355) [127.0.0.1:38596] Authentification réussie
[10:13:50] [DEBUG]   [SERV]   (./main.c:155) Taille lecture 4
[10:13:50] [DEBUG]   [SERV]   (./main.c:157) Buffer value : NEXT
[10:13:50] [INFO]    [CLIENT] (./main.c:165) [127.0.0.1:38596] Requete CONN
[10:13:50] [INFO]    [CLIENT] (./main.c:152) [127.0.0.1:38596] Client déconnecté
[10:13:57] [DEBUG]   [SERV]   (./main.c:110) apres le accept
[10:13:57] [DEBUG]   [SERV]   (./main.c:111) <<avant le fork
[10:13:57] [DEBUG]   [SERV]   (./main.c:113) <<apres le fork
[10:13:57] [DEBUG]   [SERV]   (./main.c:197)  <<Parent pid enfant : 5861
[10:13:57] [DEBUG]   [SERV]   (./main.c:199)  <<Parent connexion ferme
[10:13:57] [DEBUG]   [SERV]   (./main.c:107) avant le accept
[10:13:57] [DEBUG]   [SERV]   (./main.c:113) <<apres le fork
[10:13:57] [DEBUG]   [SERV]   (./main.c:117)  >>Dans l'enfant pid : 5861
[10:13:57] [INFO]    [SERV]   (./main.c:119) Connexion a la BDD...
[10:13:57] [INFO]    [SERV]   (./main.c:381) Connecté a la BDD
[10:13:57] [INFO]    [SERV]   (./main.c:382) SET search_path...
[10:13:57] [INFO]    [SERV]   (./main.c:387) SET search_path success
[10:13:57] [INFO]    [SERV]   (./main.c:392) Base de données actuelle : postgres
[10:13:57] [INFO]    [SERV]   (./main.c:398) Schéma courant (search_path) : sae3_delivraptor
[10:13:57] [INFO]    [SERV]   (./main.c:123) Connexion accepté
[10:13:57] [INFO]    [CLIENT] (./main.c:139) [127.0.0.1:38606] Client connecté au service avec succès
[10:13:57] [DEBUG]   [CLIENT] (./main.c:338) [127.0.0.1:38606] usr : mewen mdp : 1234
[10:13:57] [INFO]    [CLIENT] (./main.c:355) [127.0.0.1:38606] Authentification réussie
[10:13:57] [DEBUG]   [SERV]   (./main.c:155) Taille lecture 4
[10:13:57] [DEBUG]   [SERV]   (./main.c:157) Buffer value : NEXT
[10:13:57] [INFO]    [CLIENT] (./main.c:165) [127.0.0.1:38606] Requete CONN
[10:13:57] [INFO]    [CLIENT] (./main.c:152) [127.0.0.1:38606] Client déconnecté
[10:16:14] [INFO]    [SERV]   (./main.c:69) **Démarrage du service Delivraptor**
[10:16:14] [INFO]    [SERV]   (./main.c:80) Socket configuré
[10:16:14] [INFO]    [SERV]   (./main.c:95) Adresse ip et port configurées
[10:16:14] [INFO]    [SERV]   (./main.c:100) Socket en écoute
[10:16:14] [DEBUG]   [SERV]   (./main.c:107) avant le accept
[10:16:16] [DEBUG]   [SERV]   (./main.c:110) apres le accept
[10:16:16] [DEBUG]   [SERV]   (./main.c:111) <<avant le fork
[10:16:16] [DEBUG]   [SERV]   (./main.c:113) <<apres le fork
[10:16:16] [DEBUG]   [SERV]   (./main.c:198)  <<Parent pid enfant : 5972
[10:16:16] [DEBUG]   [SERV]   (./main.c:200)  <<Parent connexion ferme
[10:16:16] [DEBUG]   [SERV]   (./main.c:107) avant le accept
[10:16:16] [DEBUG]   [SERV]   (./main.c:113) <<apres le fork
[10:16:16] [DEBUG]   [SERV]   (./main.c:117)  >>Dans l'enfant pid : 5972
[10:16:16] [INFO]    [SERV]   (./main.c:119) Connexion a la BDD...
[10:16:16] [INFO]    [SERV]   (./main.c:382) Connecté a la BDD
[10:16:16] [INFO]    [SERV]   (./main.c:383) SET search_path...
[10:16:16] [INFO]    [SERV]   (./main.c:388) SET search_path success
[10:16:16] [INFO]    [SERV]   (./main.c:393) Base de données actuelle : postgres
[10:16:16] [INFO]    [SERV]   (./main.c:399) Schéma courant (search_path) : sae3_delivraptor
[10:16:16] [INFO]    [SERV]   (./main.c:123) Connexion accepté
[10:16:16] [INFO]    [CLIENT] (./main.c:139) [127.0.0.1:38628] Client connecté au service avec succès
[10:16:16] [DEBUG]   [CLIENT] (./main.c:339) [127.0.0.1:38628] usr : mewen mdp : 1234
[10:16:16] [INFO]    [CLIENT] (./main.c:356) [127.0.0.1:38628] Authentification réussie
[10:16:16] [DEBUG]   [SERV]   (./main.c:155) Taille lecture 4
[10:16:16] [DEBUG]   [SERV]   (./main.c:157) Buffer value : NEXT
[10:16:16] [DEBUG]   [CLIENT] (./main.c:161) [127.0.0.1:38628] line : NEXT
[10:16:16] [INFO]    [CLIENT] (./main.c:166) [127.0.0.1:38628] Requete CONN
[10:16:16] [INFO]    [CLIENT] (./main.c:152) [127.0.0.1:38628] Client déconnecté
[10:16:19] [DEBUG]   [SERV]   (./main.c:110) apres le accept
[10:16:19] [DEBUG]   [SERV]   (./main.c:111) <<avant le fork
[10:16:19] [DEBUG]   [SERV]   (./main.c:113) <<apres le fork
[10:16:19] [DEBUG]   [SERV]   (./main.c:198)  <<Parent pid enfant : 5984
[10:16:19] [DEBUG]   [SERV]   (./main.c:200)  <<Parent connexion ferme
[10:16:19] [DEBUG]   [SERV]   (./main.c:107) avant le accept
[10:16:19] [DEBUG]   [SERV]   (./main.c:113) <<apres le fork
[10:16:19] [DEBUG]   [SERV]   (./main.c:117)  >>Dans l'enfant pid : 5984
[10:16:19] [INFO]    [SERV]   (./main.c:119) Connexion a la BDD...
[10:16:19] [INFO]    [SERV]   (./main.c:382) Connecté a la BDD
[10:16:19] [INFO]    [SERV]   (./main.c:383) SET search_path...
[10:16:19] [INFO]    [SERV]   (./main.c:388) SET search_path success
[10:16:19] [INFO]    [SERV]   (./main.c:393) Base de données actuelle : postgres
[10:16:19] [INFO]    [SERV]   (./main.c:399) Schéma courant (search_path) : sae3_delivraptor
[10:16:19] [INFO]    [SERV]   (./main.c:123) Connexion accepté
[10:16:19] [INFO]    [CLIENT] (./main.c:139) [127.0.0.1:38642] Client connecté au service avec succès
[10:16:19] [DEBUG]   [CLIENT] (./main.c:339) [127.0.0.1:38642] usr : mewen mdp : 1234/f
[10:16:19] [ERROR]   [CLIENT] (./main.c:360) [127.0.0.1:38642] Authentification échoué : Identifiants incorrect
[10:16:23] [DEBUG]   [SERV]   (./main.c:110) apres le accept
[10:16:23] [DEBUG]   [SERV]   (./main.c:111) <<avant le fork
[10:16:23] [DEBUG]   [SERV]   (./main.c:113) <<apres le fork
[10:16:23] [DEBUG]   [SERV]   (./main.c:198)  <<Parent pid enfant : 5987
[10:16:23] [DEBUG]   [SERV]   (./main.c:200)  <<Parent connexion ferme
[10:16:23] [DEBUG]   [SERV]   (./main.c:107) avant le accept
[10:16:23] [DEBUG]   [SERV]   (./main.c:113) <<apres le fork
[10:16:23] [DEBUG]   [SERV]   (./main.c:117)  >>Dans l'enfant pid : 5987
[10:16:23] [INFO]    [SERV]   (./main.c:119) Connexion a la BDD...
[10:16:23] [INFO]    [SERV]   (./main.c:382) Connecté a la BDD
[10:16:23] [INFO]    [SERV]   (./main.c:383) SET search_path...
[10:16:23] [INFO]    [SERV]   (./main.c:388) SET search_path success
[10:16:23] [INFO]    [SERV]   (./main.c:393) Base de données actuelle : postgres
[10:16:23] [INFO]    [SERV]   (./main.c:399) Schéma courant (search_path) : sae3_delivraptor
[10:16:23] [INFO]    [SERV]   (./main.c:123) Connexion accepté
[10:16:23] [INFO]    [CLIENT] (./main.c:139) [127.0.0.1:45348] Client connecté au service avec succès
[10:16:23] [DEBUG]   [CLIENT] (./main.c:339) [127.0.0.1:45348] usr : mewen mdp : 1234
[10:16:23] [INFO]    [CLIENT] (./main.c:356) [127.0.0.1:45348] Authentification réussie
[10:16:23] [DEBUG]   [SERV]   (./main.c:155) Taille lecture 4
[10:16:23] [DEBUG]   [SERV]   (./main.c:157) Buffer value : NEXT
[10:16:23] [DEBUG]   [CLIENT] (./main.c:161) [127.0.0.1:45348] line : NEXT
[10:16:23] [INFO]    [CLIENT] (./main.c:166) [127.0.0.1:45348] Requete CONN
[10:16:23] [INFO]    [CLIENT] (./main.c:152) [127.0.0.1:45348] Client déconnecté
[10:16:30] [DEBUG]   [SERV]   (./main.c:110) apres le accept
[10:16:30] [DEBUG]   [SERV]   (./main.c:111) <<avant le fork
[10:16:30] [DEBUG]   [SERV]   (./main.c:113) <<apres le fork
[10:16:30] [DEBUG]   [SERV]   (./main.c:198)  <<Parent pid enfant : 6001
[10:16:30] [DEBUG]   [SERV]   (./main.c:200)  <<Parent connexion ferme
[10:16:30] [DEBUG]   [SERV]   (./main.c:107) avant le accept
[10:16:30] [DEBUG]   [SERV]   (./main.c:113) <<apres le fork
[10:16:30] [DEBUG]   [SERV]   (./main.c:117)  >>Dans l'enfant pid : 6001
[10:16:30] [INFO]    [SERV]   (./main.c:119) Connexion a la BDD...
[10:16:30] [INFO]    [SERV]   (./main.c:382) Connecté a la BDD
[10:16:30] [INFO]    [SERV]   (./main.c:383) SET search_path...
[10:16:30] [INFO]    [SERV]   (./main.c:388) SET search_path success
[10:16:30] [INFO]    [SERV]   (./main.c:393) Base de données actuelle : postgres
[10:16:30] [INFO]    [SERV]   (./main.c:399) Schéma courant (search_path) : sae3_delivraptor
[10:16:30] [INFO]    [SERV]   (./main.c:123) Connexion accepté
[10:16:30] [INFO]    [CLIENT] (./main.c:139) [127.0.0.1:47018] Client connecté au service avec succès
[10:16:30] [DEBUG]   [CLIENT] (./main.c:339) [127.0.0.1:47018] usr : mewen mdp : 1234
[10:16:30] [INFO]    [CLIENT] (./main.c:356) [127.0.0.1:47018] Authentification réussie
[10:16:30] [DEBUG]   [SERV]   (./main.c:155) Taille lecture 4
[10:16:30] [DEBUG]   [SERV]   (./main.c:157) Buffer value : NEXT
[10:16:30] [DEBUG]   [CLIENT] (./main.c:161) [127.0.0.1:47018] line : NEXT
[10:16:30] [INFO]    [CLIENT] (./main.c:166) [127.0.0.1:47018] Requete CONN
[10:16:30] [INFO]    [CLIENT] (./main.c:152) [127.0.0.1:47018] Client déconnecté
[10:16:37] [DEBUG]   [SERV]   (./main.c:110) apres le accept
[10:16:37] [DEBUG]   [SERV]   (./main.c:111) <<avant le fork
[10:16:37] [DEBUG]   [SERV]   (./main.c:113) <<apres le fork
[10:16:37] [DEBUG]   [SERV]   (./main.c:198)  <<Parent pid enfant : 6013
[10:16:37] [DEBUG]   [SERV]   (./main.c:200)  <<Parent connexion ferme
[10:16:37] [DEBUG]   [SERV]   (./main.c:107) avant le accept
[10:16:37] [DEBUG]   [SERV]   (./main.c:113) <<apres le fork
[10:16:37] [DEBUG]   [SERV]   (./main.c:117)  >>Dans l'enfant pid : 6013
[10:16:37] [INFO]    [SERV]   (./main.c:119) Connexion a la BDD...
[10:16:37] [INFO]    [SERV]   (./main.c:382) Connecté a la BDD
[10:16:37] [INFO]    [SERV]   (./main.c:383) SET search_path...
[10:16:37] [INFO]    [SERV]   (./main.c:388) SET search_path success
[10:16:37] [INFO]    [SERV]   (./main.c:393) Base de données actuelle : postgres
[10:16:37] [INFO]    [SERV]   (./main.c:399) Schéma courant (search_path) : sae3_delivraptor
[10:16:37] [INFO]    [SERV]   (./main.c:123) Connexion accepté
[10:16:37] [INFO]    [CLIENT] (./main.c:139) [127.0.0.1:47030] Client connecté au service avec succès
[10:16:37] [DEBUG]   [CLIENT] (./main.c:339) [127.0.0.1:47030] usr : mewen mdp : 1234
[10:16:37] [INFO]    [CLIENT] (./main.c:356) [127.0.0.1:47030] Authentification réussie
[10:16:37] [DEBUG]   [SERV]   (./main.c:155) Taille lecture 4
[10:16:37] [DEBUG]   [SERV]   (./main.c:157) Buffer value : NEXT
[10:16:37] [DEBUG]   [CLIENT] (./main.c:161) [127.0.0.1:47030] line : NEXT
[10:16:37] [INFO]    [CLIENT] (./main.c:166) [127.0.0.1:47030] Requete CONN
[10:16:37] [INFO]    [CLIENT] (./main.c:152) [127.0.0.1:47030] Client déconnecté
[10:25:35] [INFO]    [SERV]   (./main.c:69) **Démarrage du service Delivraptor**
[10:25:35] [INFO]    [SERV]   (./main.c:80) Socket configuré
[10:25:35] [INFO]    [SERV]   (./main.c:95) Adresse ip et port configurées
[10:25:35] [INFO]    [SERV]   (./main.c:100) Socket en écoute
[10:25:35] [DEBUG]   [SERV]   (./main.c:107) avant le accept
[10:25:37] [DEBUG]   [SERV]   (./main.c:110) apres le accept
[10:25:37] [DEBUG]   [SERV]   (./main.c:111) <<avant le fork
[10:25:37] [DEBUG]   [SERV]   (./main.c:113) <<apres le fork
[10:25:37] [DEBUG]   [SERV]   (./main.c:196)  <<Parent pid enfant : 6252
[10:25:37] [DEBUG]   [SERV]   (./main.c:198)  <<Parent connexion ferme
[10:25:37] [DEBUG]   [SERV]   (./main.c:107) avant le accept
[10:25:37] [DEBUG]   [SERV]   (./main.c:113) <<apres le fork
[10:25:37] [DEBUG]   [SERV]   (./main.c:117)  >>Dans l'enfant pid : 6252
[10:25:37] [INFO]    [SERV]   (./main.c:119) Connexion a la BDD...
[10:25:37] [INFO]    [SERV]   (./main.c:380) Connecté a la BDD
[10:25:37] [INFO]    [SERV]   (./main.c:381) SET search_path...
[10:25:37] [INFO]    [SERV]   (./main.c:386) SET search_path success
[10:25:37] [INFO]    [SERV]   (./main.c:391) Base de données actuelle : postgres
[10:25:37] [INFO]    [SERV]   (./main.c:397) Schéma courant (search_path) : sae3_delivraptor
[10:25:37] [INFO]    [SERV]   (./main.c:123) Connexion accepté
[10:25:37] [INFO]    [CLIENT] (./main.c:139) [127.0.0.1:60192] Client connecté au service avec succès
[10:25:38] [DEBUG]   [SERV]   (./main.c:110) apres le accept
[10:25:38] [DEBUG]   [SERV]   (./main.c:111) <<avant le fork
[10:25:38] [DEBUG]   [SERV]   (./main.c:113) <<apres le fork
[10:25:38] [DEBUG]   [SERV]   (./main.c:196)  <<Parent pid enfant : 6268
[10:25:38] [DEBUG]   [SERV]   (./main.c:198)  <<Parent connexion ferme
[10:25:38] [DEBUG]   [SERV]   (./main.c:107) avant le accept
[10:25:38] [DEBUG]   [SERV]   (./main.c:113) <<apres le fork
[10:25:38] [DEBUG]   [SERV]   (./main.c:117)  >>Dans l'enfant pid : 6268
[10:25:38] [INFO]    [SERV]   (./main.c:119) Connexion a la BDD...
[10:25:38] [INFO]    [SERV]   (./main.c:380) Connecté a la BDD
[10:25:38] [INFO]    [SERV]   (./main.c:381) SET search_path...
[10:25:38] [INFO]    [SERV]   (./main.c:386) SET search_path success
[10:25:38] [INFO]    [SERV]   (./main.c:391) Base de données actuelle : postgres
[10:25:38] [INFO]    [SERV]   (./main.c:397) Schéma courant (search_path) : sae3_delivraptor
[10:25:38] [INFO]    [SERV]   (./main.c:123) Connexion accepté
[10:25:38] [INFO]    [CLIENT] (./main.c:139) [127.0.0.1:60194] Client connecté au service avec succès
[10:26:24] [INFO]    [SERV]   (./main.c:69) **Démarrage du service Delivraptor**
[10:26:24] [INFO]    [SERV]   (./main.c:80) Socket configuré
[10:26:24] [INFO]    [SERV]   (./main.c:95) Adresse ip et port configurées
[10:26:24] [INFO]    [SERV]   (./main.c:100) Socket en écoute
[10:26:24] [DEBUG]   [SERV]   (./main.c:107) avant le accept
[10:26:26] [DEBUG]   [SERV]   (./main.c:110) apres le accept
[10:26:26] [DEBUG]   [SERV]   (./main.c:111) <<avant le fork
[10:26:26] [DEBUG]   [SERV]   (./main.c:113) <<apres le fork
[10:26:26] [DEBUG]   [SERV]   (./main.c:196)  <<Parent pid enfant : 6324
[10:26:26] [DEBUG]   [SERV]   (./main.c:198)  <<Parent connexion ferme
[10:26:26] [DEBUG]   [SERV]   (./main.c:107) avant le accept
[10:26:26] [DEBUG]   [SERV]   (./main.c:113) <<apres le fork
[10:26:26] [DEBUG]   [SERV]   (./main.c:117)  >>Dans l'enfant pid : 6324
[10:26:26] [INFO]    [SERV]   (./main.c:119) Connexion a la BDD...
[10:26:26] [INFO]    [SERV]   (./main.c:380) Connecté a la BDD
[10:26:26] [INFO]    [SERV]   (./main.c:381) SET search_path...
[10:26:26] [INFO]    [SERV]   (./main.c:386) SET search_path success
[10:26:26] [INFO]    [SERV]   (./main.c:391) Base de données actuelle : postgres
[10:26:26] [INFO]    [SERV]   (./main.c:397) Schéma courant (search_path) : sae3_delivraptor
[10:26:26] [INFO]    [SERV]   (./main.c:123) Connexion accepté
[10:26:26] [INFO]    [CLIENT] (./main.c:139) [127.0.0.1:47664] Client connecté au service avec succès
[10:27:26] [INFO]    [CLIENT] (./main.c:145) [127.0.0.1:47664] Client déconnecté
[10:27:33] [DEBUG]   [SERV]   (./main.c:110) apres le accept
[10:27:33] [DEBUG]   [SERV]   (./main.c:111) <<avant le fork
[10:27:33] [DEBUG]   [SERV]   (./main.c:113) <<apres le fork
[10:27:33] [DEBUG]   [SERV]   (./main.c:196)  <<Parent pid enfant : 6367
[10:27:33] [DEBUG]   [SERV]   (./main.c:198)  <<Parent connexion ferme
[10:27:33] [DEBUG]   [SERV]   (./main.c:107) avant le accept
[10:27:33] [DEBUG]   [SERV]   (./main.c:113) <<apres le fork
[10:27:33] [DEBUG]   [SERV]   (./main.c:117)  >>Dans l'enfant pid : 6367
[10:27:33] [INFO]    [SERV]   (./main.c:119) Connexion a la BDD...
[10:27:33] [INFO]    [SERV]   (./main.c:380) Connecté a la BDD
[10:27:33] [INFO]    [SERV]   (./main.c:381) SET search_path...
[10:27:33] [INFO]    [SERV]   (./main.c:386) SET search_path success
[10:27:33] [INFO]    [SERV]   (./main.c:391) Base de données actuelle : postgres
[10:27:33] [INFO]    [SERV]   (./main.c:397) Schéma courant (search_path) : sae3_delivraptor
[10:27:33] [INFO]    [SERV]   (./main.c:123) Connexion accepté
[10:27:33] [INFO]    [CLIENT] (./main.c:139) [127.0.0.1:34428] Client connecté au service avec succès
[10:28:33] [INFO]    [CLIENT] (./main.c:145) [127.0.0.1:34428] Client déconnecté
[10:28:40] [DEBUG]   [SERV]   (./main.c:110) apres le accept
[10:28:40] [DEBUG]   [SERV]   (./main.c:111) <<avant le fork
[10:28:40] [DEBUG]   [SERV]   (./main.c:113) <<apres le fork
[10:28:40] [DEBUG]   [SERV]   (./main.c:196)  <<Parent pid enfant : 6418
[10:28:40] [DEBUG]   [SERV]   (./main.c:198)  <<Parent connexion ferme
[10:28:40] [DEBUG]   [SERV]   (./main.c:107) avant le accept
[10:28:40] [DEBUG]   [SERV]   (./main.c:113) <<apres le fork
[10:28:40] [DEBUG]   [SERV]   (./main.c:117)  >>Dans l'enfant pid : 6418
[10:28:40] [INFO]    [SERV]   (./main.c:119) Connexion a la BDD...
[10:28:40] [INFO]    [SERV]   (./main.c:380) Connecté a la BDD
[10:28:40] [INFO]    [SERV]   (./main.c:381) SET search_path...
[10:28:40] [INFO]    [SERV]   (./main.c:386) SET search_path success
[10:28:40] [INFO]    [SERV]   (./main.c:391) Base de données actuelle : postgres
[10:28:40] [INFO]    [SERV]   (./main.c:397) Schéma courant (search_path) : sae3_delivraptor
[10:28:40] [INFO]    [SERV]   (./main.c:123) Connexion accepté
[10:28:40] [INFO]    [CLIENT] (./main.c:139) [127.0.0.1:33816] Client connecté au service avec succès
[10:29:40] [INFO]    [CLIENT] (./main.c:145) [127.0.0.1:33816] Client déconnecté
[10:29:47] [DEBUG]   [SERV]   (./main.c:110) apres le accept
[10:29:47] [DEBUG]   [SERV]   (./main.c:111) <<avant le fork
[10:29:47] [DEBUG]   [SERV]   (./main.c:113) <<apres le fork
[10:29:47] [DEBUG]   [SERV]   (./main.c:196)  <<Parent pid enfant : 6457
[10:29:47] [DEBUG]   [SERV]   (./main.c:198)  <<Parent connexion ferme
[10:29:47] [DEBUG]   [SERV]   (./main.c:107) avant le accept
[10:29:47] [DEBUG]   [SERV]   (./main.c:113) <<apres le fork
[10:29:47] [DEBUG]   [SERV]   (./main.c:117)  >>Dans l'enfant pid : 6457
[10:29:47] [INFO]    [SERV]   (./main.c:119) Connexion a la BDD...
[10:29:48] [INFO]    [SERV]   (./main.c:380) Connecté a la BDD
[10:29:48] [INFO]    [SERV]   (./main.c:381) SET search_path...
[10:29:48] [INFO]    [SERV]   (./main.c:386) SET search_path success
[10:29:48] [INFO]    [SERV]   (./main.c:391) Base de données actuelle : postgres
[10:29:48] [INFO]    [SERV]   (./main.c:397) Schéma courant (search_path) : sae3_delivraptor
[10:29:48] [INFO]    [SERV]   (./main.c:123) Connexion accepté
[10:29:48] [INFO]    [CLIENT] (./main.c:139) [127.0.0.1:35344] Client connecté au service avec succès
[10:30:48] [INFO]    [CLIENT] (./main.c:145) [127.0.0.1:35344] Client déconnecté
[10:32:32] [INFO]    [SERV]   (./main.c:69) **Démarrage du service Delivraptor**
[10:32:32] [INFO]    [SERV]   (./main.c:80) Socket configuré
[10:32:32] [INFO]    [SERV]   (./main.c:95) Adresse ip et port configurées
[10:32:32] [INFO]    [SERV]   (./main.c:100) Socket en écoute
[10:32:32] [DEBUG]   [SERV]   (./main.c:107) avant le accept
[10:32:36] [DEBUG]   [SERV]   (./main.c:110) apres le accept
[10:32:36] [DEBUG]   [SERV]   (./main.c:111) <<avant le fork
[10:32:36] [DEBUG]   [SERV]   (./main.c:113) <<apres le fork
[10:32:36] [DEBUG]   [SERV]   (./main.c:198)  <<Parent pid enfant : 6576
[10:32:36] [DEBUG]   [SERV]   (./main.c:200)  <<Parent connexion ferme
[10:32:36] [DEBUG]   [SERV]   (./main.c:107) avant le accept
[10:32:36] [DEBUG]   [SERV]   (./main.c:113) <<apres le fork
[10:32:36] [DEBUG]   [SERV]   (./main.c:117)  >>Dans l'enfant pid : 6576
[10:32:36] [INFO]    [SERV]   (./main.c:119) Connexion a la BDD...
[10:32:36] [INFO]    [SERV]   (./main.c:382) Connecté a la BDD
[10:32:36] [INFO]    [SERV]   (./main.c:383) SET search_path...
[10:32:36] [INFO]    [SERV]   (./main.c:388) SET search_path success
[10:32:36] [INFO]    [SERV]   (./main.c:393) Base de données actuelle : postgres
[10:32:36] [INFO]    [SERV]   (./main.c:399) Schéma courant (search_path) : sae3_delivraptor
[10:32:36] [INFO]    [SERV]   (./main.c:123) Connexion accepté
[10:32:36] [INFO]    [CLIENT] (./main.c:141) [127.0.0.1:43972] Client connecté au service avec succès
[10:32:36] [DEBUG]   [SERV]   (./main.c:150) Taille lecture 15
[10:32:36] [DEBUG]   [SERV]   (./main.c:152) Buffer value : CONN mewen 1234
[10:32:36] [DEBUG]   [CLIENT] (./main.c:156) [127.0.0.1:43972] line : CONN
[10:32:36] [INFO]    [CLIENT] (./main.c:161) [127.0.0.1:43972] Requete 
[10:32:36] [DEBUG]   [CLIENT] (./main.c:339) [127.0.0.1:43972] usr : @ mdp : �
[10:32:36] [ERROR]   [CLIENT] (./main.c:360) [127.0.0.1:43972] Authentification échoué : Identifiants incorrect
[10:32:39] [DEBUG]   [SERV]   (./main.c:110) apres le accept
[10:32:39] [DEBUG]   [SERV]   (./main.c:111) <<avant le fork
[10:32:39] [DEBUG]   [SERV]   (./main.c:113) <<apres le fork
[10:32:39] [DEBUG]   [SERV]   (./main.c:198)  <<Parent pid enfant : 6588
[10:32:39] [DEBUG]   [SERV]   (./main.c:200)  <<Parent connexion ferme
[10:32:39] [DEBUG]   [SERV]   (./main.c:107) avant le accept
[10:32:39] [DEBUG]   [SERV]   (./main.c:113) <<apres le fork
[10:32:39] [DEBUG]   [SERV]   (./main.c:117)  >>Dans l'enfant pid : 6588
[10:32:39] [INFO]    [SERV]   (./main.c:119) Connexion a la BDD...
[10:32:39] [INFO]    [SERV]   (./main.c:382) Connecté a la BDD
[10:32:39] [INFO]    [SERV]   (./main.c:383) SET search_path...
[10:32:39] [INFO]    [SERV]   (./main.c:388) SET search_path success
[10:32:39] [INFO]    [SERV]   (./main.c:393) Base de données actuelle : postgres
[10:32:39] [INFO]    [SERV]   (./main.c:399) Schéma courant (search_path) : sae3_delivraptor
[10:32:39] [INFO]    [SERV]   (./main.c:123) Connexion accepté
[10:32:39] [INFO]    [CLIENT] (./main.c:141) [127.0.0.1:43982] Client connecté au service avec succès
[10:32:39] [DEBUG]   [SERV]   (./main.c:150) Taille lecture 17
[10:32:39] [DEBUG]   [SERV]   (./main.c:152) Buffer value : CONN mewen 1234/f
[10:32:39] [DEBUG]   [CLIENT] (./main.c:156) [127.0.0.1:43982] line : CONN
[10:32:39] [INFO]    [CLIENT] (./main.c:161) [127.0.0.1:43982] Requete 
[10:32:39] [DEBUG]   [CLIENT] (./main.c:339) [127.0.0.1:43982] usr : @ mdp : �
[10:32:39] [ERROR]   [CLIENT] (./main.c:360) [127.0.0.1:43982] Authentification échoué : Identifiants incorrect
[10:34:04] [INFO]    [SERV]   (./main.c:69) **Démarrage du service Delivraptor**
[10:34:04] [INFO]    [SERV]   (./main.c:80) Socket configuré
[10:34:04] [INFO]    [SERV]   (./main.c:95) Adresse ip et port configurées
[10:34:04] [INFO]    [SERV]   (./main.c:100) Socket en écoute
[10:34:04] [DEBUG]   [SERV]   (./main.c:107) avant le accept
[10:34:06] [DEBUG]   [SERV]   (./main.c:110) apres le accept
[10:34:06] [DEBUG]   [SERV]   (./main.c:111) <<avant le fork
[10:34:06] [DEBUG]   [SERV]   (./main.c:113) <<apres le fork
[10:34:06] [DEBUG]   [SERV]   (./main.c:199)  <<Parent pid enfant : 6665
[10:34:06] [DEBUG]   [SERV]   (./main.c:201)  <<Parent connexion ferme
[10:34:06] [DEBUG]   [SERV]   (./main.c:107) avant le accept
[10:34:06] [DEBUG]   [SERV]   (./main.c:113) <<apres le fork
[10:34:06] [DEBUG]   [SERV]   (./main.c:117)  >>Dans l'enfant pid : 6665
[10:34:06] [INFO]    [SERV]   (./main.c:119) Connexion a la BDD...
[10:34:06] [INFO]    [SERV]   (./main.c:383) Connecté a la BDD
[10:34:06] [INFO]    [SERV]   (./main.c:384) SET search_path...
[10:34:06] [INFO]    [SERV]   (./main.c:389) SET search_path success
[10:34:06] [INFO]    [SERV]   (./main.c:394) Base de données actuelle : postgres
[10:34:06] [INFO]    [SERV]   (./main.c:400) Schéma courant (search_path) : sae3_delivraptor
[10:34:06] [INFO]    [SERV]   (./main.c:123) Connexion accepté
[10:34:06] [INFO]    [CLIENT] (./main.c:141) [127.0.0.1:39546] Client connecté au service avec succès
[10:34:06] [DEBUG]   [SERV]   (./main.c:150) Taille lecture 15
[10:34:06] [DEBUG]   [SERV]   (./main.c:152) Buffer value : CONN mewen 1234
[10:34:06] [DEBUG]   [SERV]   (./main.c:155) line value av ss: CONN mewen 1234
[10:34:06] [DEBUG]   [CLIENT] (./main.c:157) [127.0.0.1:39546] line : CONN
[10:34:06] [INFO]    [CLIENT] (./main.c:162) [127.0.0.1:39546] Requete 
[10:34:06] [DEBUG]   [CLIENT] (./main.c:340) [127.0.0.1:39546] usr : @ mdp : �
[10:34:06] [ERROR]   [CLIENT] (./main.c:361) [127.0.0.1:39546] Authentification échoué : Identifiants incorrect
[10:37:36] [INFO]    [SERV]   (./main.c:69) **Démarrage du service Delivraptor**
[10:37:36] [INFO]    [SERV]   (./main.c:80) Socket configuré
[10:37:36] [INFO]    [SERV]   (./main.c:95) Adresse ip et port configurées
[10:37:36] [INFO]    [SERV]   (./main.c:100) Socket en écoute
[10:37:36] [DEBUG]   [SERV]   (./main.c:107) avant le accept
[10:37:40] [DEBUG]   [SERV]   (./main.c:110) apres le accept
[10:37:40] [DEBUG]   [SERV]   (./main.c:111) <<avant le fork
[10:37:40] [DEBUG]   [SERV]   (./main.c:113) <<apres le fork
[10:37:40] [DEBUG]   [SERV]   (./main.c:199)  <<Parent pid enfant : 6841
[10:37:40] [DEBUG]   [SERV]   (./main.c:201)  <<Parent connexion ferme
[10:37:40] [DEBUG]   [SERV]   (./main.c:107) avant le accept
[10:37:40] [DEBUG]   [SERV]   (./main.c:113) <<apres le fork
[10:37:40] [DEBUG]   [SERV]   (./main.c:117)  >>Dans l'enfant pid : 6841
[10:37:40] [INFO]    [SERV]   (./main.c:119) Connexion a la BDD...
[10:37:40] [INFO]    [SERV]   (./main.c:385) Connecté a la BDD
[10:37:40] [INFO]    [SERV]   (./main.c:386) SET search_path...
[10:37:40] [INFO]    [SERV]   (./main.c:391) SET search_path success
[10:37:40] [INFO]    [SERV]   (./main.c:396) Base de données actuelle : postgres
[10:37:40] [INFO]    [SERV]   (./main.c:402) Schéma courant (search_path) : sae3_delivraptor
[10:37:40] [INFO]    [SERV]   (./main.c:123) Connexion accepté
[10:37:40] [INFO]    [CLIENT] (./main.c:141) [127.0.0.1:58228] Client connecté au service avec succès
[10:37:40] [DEBUG]   [SERV]   (./main.c:150) Taille lecture 15
[10:37:40] [DEBUG]   [SERV]   (./main.c:152) Buffer value : CONN mewen 1234
[10:37:40] [DEBUG]   [SERV]   (./main.c:155) line value av ss: CONN mewen 1234
[10:37:40] [DEBUG]   [CLIENT] (./main.c:157) [127.0.0.1:58228] line : CONN
[10:37:40] [INFO]    [CLIENT] (./main.c:162) [127.0.0.1:58228] Requete 
[10:37:40] [DEBUG]   [CLIENT] (./main.c:340) [127.0.0.1:58228] usr : @ mdp : �
[10:37:40] [ERROR]   [CLIENT] (./main.c:361) [127.0.0.1:58228] Authentification échoué : Identifiants incorrect
[10:37:40] [INFO]    [CLIENT] (./main.c:147) [127.0.0.1:58228] Client déconnecté
[10:37:45] [DEBUG]   [SERV]   (./main.c:110) apres le accept
[10:37:45] [DEBUG]   [SERV]   (./main.c:111) <<avant le fork
[10:37:45] [DEBUG]   [SERV]   (./main.c:113) <<apres le fork
[10:37:45] [DEBUG]   [SERV]   (./main.c:199)  <<Parent pid enfant : 6848
[10:37:45] [DEBUG]   [SERV]   (./main.c:201)  <<Parent connexion ferme
[10:37:45] [DEBUG]   [SERV]   (./main.c:107) avant le accept
[10:37:45] [DEBUG]   [SERV]   (./main.c:113) <<apres le fork
[10:37:45] [DEBUG]   [SERV]   (./main.c:117)  >>Dans l'enfant pid : 6848
[10:37:45] [INFO]    [SERV]   (./main.c:119) Connexion a la BDD...
[10:37:45] [INFO]    [SERV]   (./main.c:385) Connecté a la BDD
[10:37:45] [INFO]    [SERV]   (./main.c:386) SET search_path...
[10:37:45] [INFO]    [SERV]   (./main.c:391) SET search_path success
[10:37:45] [INFO]    [SERV]   (./main.c:396) Base de données actuelle : postgres
[10:37:45] [INFO]    [SERV]   (./main.c:402) Schéma courant (search_path) : sae3_delivraptor
[10:37:45] [INFO]    [SERV]   (./main.c:123) Connexion accepté
[10:37:45] [INFO]    [CLIENT] (./main.c:141) [127.0.0.1:58232] Client connecté au service avec succès
[10:37:45] [DEBUG]   [SERV]   (./main.c:150) Taille lecture 17
[10:37:45] [DEBUG]   [SERV]   (./main.c:152) Buffer value : CONN mewen 1234/f
[10:37:45] [DEBUG]   [SERV]   (./main.c:155) line value av ss: CONN mewen 1234
[10:37:45] [DEBUG]   [CLIENT] (./main.c:157) [127.0.0.1:58232] line : CONN
[10:37:45] [INFO]    [CLIENT] (./main.c:162) [127.0.0.1:58232] Requete 
[10:37:45] [DEBUG]   [CLIENT] (./main.c:340) [127.0.0.1:58232] usr : @ mdp : �
[10:37:45] [ERROR]   [CLIENT] (./main.c:361) [127.0.0.1:58232] Authentification échoué : Identifiants incorrect
[10:37:45] [INFO]    [CLIENT] (./main.c:147) [127.0.0.1:58232] Client déconnecté
[10:43:34] [INFO]    [SERV]   (./main.c:69) **Démarrage du service Delivraptor**
[10:43:34] [INFO]    [SERV]   (./main.c:80) Socket configuré
[10:43:34] [INFO]    [SERV]   (./main.c:95) Adresse ip et port configurées
[10:43:34] [INFO]    [SERV]   (./main.c:100) Socket en écoute
[10:43:34] [DEBUG]   [SERV]   (./main.c:107) avant le accept
[10:43:40] [INFO]    [SERV]   (./main.c:69) **Démarrage du service Delivraptor**
[10:43:40] [INFO]    [SERV]   (./main.c:80) Socket configuré
[10:43:40] [INFO]    [SERV]   (./main.c:95) Adresse ip et port configurées
[10:43:40] [INFO]    [SERV]   (./main.c:100) Socket en écoute
[10:43:40] [DEBUG]   [SERV]   (./main.c:107) avant le accept
[10:43:42] [DEBUG]   [SERV]   (./main.c:110) apres le accept
[10:43:42] [DEBUG]   [SERV]   (./main.c:111) <<avant le fork
[10:43:42] [DEBUG]   [SERV]   (./main.c:113) <<apres le fork
[10:43:42] [DEBUG]   [SERV]   (./main.c:197)  <<Parent pid enfant : 7253
[10:43:42] [DEBUG]   [SERV]   (./main.c:199)  <<Parent connexion ferme
[10:43:42] [DEBUG]   [SERV]   (./main.c:107) avant le accept
[10:43:42] [DEBUG]   [SERV]   (./main.c:113) <<apres le fork
[10:43:42] [DEBUG]   [SERV]   (./main.c:117)  >>Dans l'enfant pid : 7253
[10:43:42] [INFO]    [SERV]   (./main.c:119) Connexion a la BDD...
[10:43:42] [INFO]    [SERV]   (./main.c:383) Connecté a la BDD
[10:43:42] [INFO]    [SERV]   (./main.c:384) SET search_path...
[10:43:42] [INFO]    [SERV]   (./main.c:389) SET search_path success
[10:43:42] [INFO]    [SERV]   (./main.c:394) Base de données actuelle : postgres
[10:43:42] [INFO]    [SERV]   (./main.c:400) Schéma courant (search_path) : sae3_delivraptor
[10:43:42] [INFO]    [SERV]   (./main.c:123) Connexion accepté
[10:43:42] [INFO]    [CLIENT] (./main.c:141) [127.0.0.1:55638] Client connecté au service avec succès
[10:43:42] [DEBUG]   [SERV]   (./main.c:150) Taille lecture 16
[10:43:42] [DEBUG]   [SERV]   (./main.c:152) Buffer value : CONN mewen 1234

[10:43:42] [DEBUG]   [CLIENT] (./main.c:155) [127.0.0.1:55638] line : CONN mewen 1234
[10:43:42] [INFO]    [CLIENT] (./main.c:160) [127.0.0.1:55638] Requete 
[10:43:42] [DEBUG]   [CLIENT] (./main.c:338) [127.0.0.1:55638] usr : mewen mdp : 1234
[10:43:42] [INFO]    [CLIENT] (./main.c:355) [127.0.0.1:55638] Authentification réussie
[10:43:42] [DEBUG]   [SERV]   (./main.c:150) Taille lecture 5
[10:43:42] [DEBUG]   [SERV]   (./main.c:152) Buffer value : NEXT

[10:43:42] [DEBUG]   [CLIENT] (./main.c:155) [127.0.0.1:55638] line : NEXT
[10:43:42] [INFO]    [CLIENT] (./main.c:160) [127.0.0.1:55638] Requete CONN
[10:43:42] [INFO]    [CLIENT] (./main.c:147) [127.0.0.1:55638] Client déconnecté
[10:43:45] [DEBUG]   [SERV]   (./main.c:110) apres le accept
[10:43:45] [DEBUG]   [SERV]   (./main.c:111) <<avant le fork
[10:43:45] [DEBUG]   [SERV]   (./main.c:113) <<apres le fork
[10:43:45] [DEBUG]   [SERV]   (./main.c:197)  <<Parent pid enfant : 7266
[10:43:45] [DEBUG]   [SERV]   (./main.c:199)  <<Parent connexion ferme
[10:43:45] [DEBUG]   [SERV]   (./main.c:107) avant le accept
[10:43:45] [DEBUG]   [SERV]   (./main.c:113) <<apres le fork
[10:43:45] [DEBUG]   [SERV]   (./main.c:117)  >>Dans l'enfant pid : 7266
[10:43:45] [INFO]    [SERV]   (./main.c:119) Connexion a la BDD...
[10:43:45] [INFO]    [SERV]   (./main.c:383) Connecté a la BDD
[10:43:45] [INFO]    [SERV]   (./main.c:384) SET search_path...
[10:43:45] [INFO]    [SERV]   (./main.c:389) SET search_path success
[10:43:45] [INFO]    [SERV]   (./main.c:394) Base de données actuelle : postgres
[10:43:45] [INFO]    [SERV]   (./main.c:400) Schéma courant (search_path) : sae3_delivraptor
[10:43:45] [INFO]    [SERV]   (./main.c:123) Connexion accepté
[10:43:45] [INFO]    [CLIENT] (./main.c:141) [127.0.0.1:55648] Client connecté au service avec succès
[10:43:45] [DEBUG]   [SERV]   (./main.c:150) Taille lecture 16
[10:43:45] [DEBUG]   [SERV]   (./main.c:152) Buffer value : CONN mewen 1234

[10:43:45] [DEBUG]   [CLIENT] (./main.c:155) [127.0.0.1:55648] line : CONN mewen 1234
[10:43:45] [INFO]    [CLIENT] (./main.c:160) [127.0.0.1:55648] Requete 
[10:43:45] [DEBUG]   [CLIENT] (./main.c:338) [127.0.0.1:55648] usr : mewen mdp : 1234
[10:43:45] [INFO]    [CLIENT] (./main.c:355) [127.0.0.1:55648] Authentification réussie
[10:43:45] [DEBUG]   [SERV]   (./main.c:150) Taille lecture 74
[10:43:45] [DEBUG]   [SERV]   (./main.c:152) Buffer value : ADD 144254 alizon |1 rue branly| 22300 roussel mewen |3 rue machin| 22450

[10:43:45] [DEBUG]   [CLIENT] (./main.c:155) [127.0.0.1:55648] line : ADD 144254 alizon |1 rue branly| 22300 roussel mewen |3 rue machin| 22450
[10:43:45] [INFO]    [CLIENT] (./main.c:160) [127.0.0.1:55648] Requete CONN
[10:43:45] [INFO]    [CLIENT] (./main.c:228) [127.0.0.1:55648] Informaions récupérées avec succès
[10:43:45] [INFO]    [SERV]   (./main.c:253) La commande existe deja
[10:43:45] [INFO]    [SERV]   (./main.c:256) Renvoi du bordereau
[10:43:45] [INFO]    [CLIENT] (./main.c:302) [127.0.0.1:55648] BORD ALI1768374937 com144254
[10:43:45] [DEBUG]   [SERV]   (./main.c:150) Taille lecture 18
[10:43:45] [DEBUG]   [SERV]   (./main.c:152) Buffer value : ETA ALI1768374937

[10:43:45] [DEBUG]   [CLIENT] (./main.c:155) [127.0.0.1:55648] line : ETA ALI1768374937
[10:43:45] [INFO]    [CLIENT] (./main.c:160) [127.0.0.1:55648] Requete CONN
[10:43:45] [INFO]    [CLIENT] (./main.c:418) [127.0.0.1:55648] numéro de suivie récupéré
[10:43:45] [INFO]    [SERV]   (./main.c:433) Récuperation de l'etat
[10:43:45] [DEBUG]   [SERV]   (./main.c:436) Etat commande char : 9
[10:43:45] [DEBUG]   [SERV]   (./main.c:437) Etat commande int : 9
[10:43:45] [DEBUG]   [SERV]   (./main.c:442) Envoi msg etat
[10:43:45] [DEBUG]   [SERV]   (./etat/etat.c:27)  >> arrive fn msg_etat av test: 9
[10:43:45] [DEBUG]   [SERV]   (./etat/etat.c:31)  >> CONNU test: 9
[10:43:45] [DEBUG]   [SERV]   (./etat/etat.c:33)  >> arrive fn msg_etat ap test: 9
[10:43:45] [DEBUG]   [SERV]   (./etat/etat.c:36)  >> arrive fn msg_etat av vrai: 9
[10:43:45] [DEBUG]   [SERV]   (./etat/etat.c:47)  >> Message etat connu : 9
[10:43:45] [DEBUG]   [SERV]   (./etat/etat.c:52) ETAT 9 message : ETA LVR ALI1768374937
[10:43:45] [DEBUG]   [SERV]   (./etat/etat.c:55) ETAT 9 message : ETA LVR ALI1768374937 envoyé
[10:43:45] [INFO]    [SERV]   (./etat/etat.c:56) ETAT 9 message : ETA LVR ALI1768374937 envoyé
[10:43:45] [DEBUG]   [SERV]   (./main.c:444) Envoi msg etat FIN
[10:43:49] [DEBUG]   [SERV]   (./main.c:110) apres le accept
[10:43:49] [DEBUG]   [SERV]   (./main.c:111) <<avant le fork
[10:43:49] [DEBUG]   [SERV]   (./main.c:113) <<apres le fork
[10:43:49] [DEBUG]   [SERV]   (./main.c:197)  <<Parent pid enfant : 7269
[10:43:49] [DEBUG]   [SERV]   (./main.c:199)  <<Parent connexion ferme
[10:43:49] [DEBUG]   [SERV]   (./main.c:107) avant le accept
[10:43:49] [DEBUG]   [SERV]   (./main.c:113) <<apres le fork
[10:43:49] [DEBUG]   [SERV]   (./main.c:117)  >>Dans l'enfant pid : 7269
[10:43:49] [INFO]    [SERV]   (./main.c:119) Connexion a la BDD...
[10:43:49] [INFO]    [SERV]   (./main.c:383) Connecté a la BDD
[10:43:49] [INFO]    [SERV]   (./main.c:384) SET search_path...
[10:43:49] [INFO]    [SERV]   (./main.c:389) SET search_path success
[10:43:49] [INFO]    [SERV]   (./main.c:394) Base de données actuelle : postgres
[10:43:49] [INFO]    [SERV]   (./main.c:400) Schéma courant (search_path) : sae3_delivraptor
[10:43:49] [INFO]    [SERV]   (./main.c:123) Connexion accepté
[10:43:49] [INFO]    [CLIENT] (./main.c:141) [127.0.0.1:49462] Client connecté au service avec succès
[10:43:49] [DEBUG]   [SERV]   (./main.c:150) Taille lecture 16
[10:43:49] [DEBUG]   [SERV]   (./main.c:152) Buffer value : CONN mewen 1234

[10:43:49] [DEBUG]   [CLIENT] (./main.c:155) [127.0.0.1:49462] line : CONN mewen 1234
[10:43:49] [INFO]    [CLIENT] (./main.c:160) [127.0.0.1:49462] Requete 
[10:43:49] [DEBUG]   [CLIENT] (./main.c:338) [127.0.0.1:49462] usr : mewen mdp : 1234
[10:43:49] [INFO]    [CLIENT] (./main.c:355) [127.0.0.1:49462] Authentification réussie
[10:43:49] [DEBUG]   [SERV]   (./main.c:150) Taille lecture 5
[10:43:49] [DEBUG]   [SERV]   (./main.c:152) Buffer value : NEXT

[10:43:49] [DEBUG]   [CLIENT] (./main.c:155) [127.0.0.1:49462] line : NEXT
[10:43:49] [INFO]    [CLIENT] (./main.c:160) [127.0.0.1:49462] Requete CONN
[10:43:49] [INFO]    [CLIENT] (./main.c:147) [127.0.0.1:49462] Client déconnecté
[10:43:55] [DEBUG]   [SERV]   (./main.c:150) Taille lecture 76
[10:43:55] [DEBUG]   [SERV]   (./main.c:152) Buffer value : ADD 15223 alizon |1 rue branly| 22300 parveau korentin |5 rue bidule| 29130

[10:43:55] [DEBUG]   [CLIENT] (./main.c:155) [127.0.0.1:55648] line : ADD 15223 alizon |1 rue branly| 22300 parveau korentin |5 rue bidule| 29130
[10:43:55] [INFO]    [CLIENT] (./main.c:160) [127.0.0.1:55648] Requete CONN
[10:43:55] [INFO]    [CLIENT] (./main.c:228) [127.0.0.1:55648] Informaions récupérées avec succès
[10:43:55] [INFO]    [SERV]   (./main.c:253) La commande existe deja
[10:43:55] [INFO]    [SERV]   (./main.c:256) Renvoi du bordereau
[10:43:55] [INFO]    [CLIENT] (./main.c:302) [127.0.0.1:55648] BORD ALI1768245916 com15223
[10:43:55] [DEBUG]   [SERV]   (./main.c:150) Taille lecture 18
[10:43:55] [DEBUG]   [SERV]   (./main.c:152) Buffer value : ETA ALI1768245916

[10:43:55] [DEBUG]   [CLIENT] (./main.c:155) [127.0.0.1:55648] line : ETA ALI1768245916
[10:43:55] [INFO]    [CLIENT] (./main.c:160) [127.0.0.1:55648] Requete CONN
[10:43:55] [INFO]    [CLIENT] (./main.c:418) [127.0.0.1:55648] numéro de suivie récupéré
[10:43:55] [INFO]    [SERV]   (./main.c:433) Récuperation de l'etat
[10:43:55] [DEBUG]   [SERV]   (./main.c:436) Etat commande char : 9
[10:43:55] [DEBUG]   [SERV]   (./main.c:437) Etat commande int : 9
[10:43:55] [DEBUG]   [SERV]   (./main.c:442) Envoi msg etat
[10:43:55] [DEBUG]   [SERV]   (./etat/etat.c:27)  >> arrive fn msg_etat av test: 9
[10:43:55] [DEBUG]   [SERV]   (./etat/etat.c:31)  >> CONNU test: 9
[10:43:55] [DEBUG]   [SERV]   (./etat/etat.c:33)  >> arrive fn msg_etat ap test: 9
[10:43:55] [DEBUG]   [SERV]   (./etat/etat.c:36)  >> arrive fn msg_etat av vrai: 9
[10:43:55] [DEBUG]   [SERV]   (./etat/etat.c:47)  >> Message etat connu : 9
[10:43:55] [DEBUG]   [SERV]   (./etat/etat.c:52) ETAT 9 message : ETA LVR ALI1768245916
[10:43:55] [DEBUG]   [SERV]   (./etat/etat.c:55) ETAT 9 message : ETA LVR ALI1768245916 envoyé
[10:43:55] [INFO]    [SERV]   (./etat/etat.c:56) ETAT 9 message : ETA LVR ALI1768245916 envoyé
[10:43:55] [DEBUG]   [SERV]   (./main.c:444) Envoi msg etat FIN
[10:43:55] [DEBUG]   [SERV]   (./main.c:150) Taille lecture 18
[10:43:55] [DEBUG]   [SERV]   (./main.c:152) Buffer value : ETA ALI1768374937

[10:43:55] [DEBUG]   [CLIENT] (./main.c:155) [127.0.0.1:55648] line : ETA ALI1768374937
[10:43:55] [INFO]    [CLIENT] (./main.c:160) [127.0.0.1:55648] Requete CONN
[10:43:55] [INFO]    [CLIENT] (./main.c:418) [127.0.0.1:55648] numéro de suivie récupéré
[10:43:55] [INFO]    [SERV]   (./main.c:433) Récuperation de l'etat
[10:43:55] [DEBUG]   [SERV]   (./main.c:436) Etat commande char : 9
[10:43:55] [DEBUG]   [SERV]   (./main.c:437) Etat commande int : 9
[10:43:55] [DEBUG]   [SERV]   (./main.c:442) Envoi msg etat
[10:43:55] [DEBUG]   [SERV]   (./etat/etat.c:27)  >> arrive fn msg_etat av test: 9
[10:43:55] [DEBUG]   [SERV]   (./etat/etat.c:31)  >> CONNU test: 9
[10:43:55] [DEBUG]   [SERV]   (./etat/etat.c:33)  >> arrive fn msg_etat ap test: 9
[10:43:55] [DEBUG]   [SERV]   (./etat/etat.c:36)  >> arrive fn msg_etat av vrai: 9
[10:43:55] [DEBUG]   [SERV]   (./etat/etat.c:47)  >> Message etat connu : 9
[10:43:55] [DEBUG]   [SERV]   (./etat/etat.c:52) ETAT 9 message : ETA LVR ALI1768374937
[10:43:55] [DEBUG]   [SERV]   (./etat/etat.c:55) ETAT 9 message : ETA LVR ALI1768374937 envoyé
[10:43:55] [INFO]    [SERV]   (./etat/etat.c:56) ETAT 9 message : ETA LVR ALI1768374937 envoyé
[10:43:55] [DEBUG]   [SERV]   (./main.c:444) Envoi msg etat FIN
[10:43:56] [DEBUG]   [SERV]   (./main.c:110) apres le accept
[10:43:56] [DEBUG]   [SERV]   (./main.c:111) <<avant le fork
[10:43:56] [DEBUG]   [SERV]   (./main.c:113) <<apres le fork
[10:43:56] [DEBUG]   [SERV]   (./main.c:197)  <<Parent pid enfant : 7271
[10:43:56] [DEBUG]   [SERV]   (./main.c:199)  <<Parent connexion ferme
[10:43:56] [DEBUG]   [SERV]   (./main.c:107) avant le accept
[10:43:56] [DEBUG]   [SERV]   (./main.c:113) <<apres le fork
[10:43:56] [DEBUG]   [SERV]   (./main.c:117)  >>Dans l'enfant pid : 7271
[10:43:56] [INFO]    [SERV]   (./main.c:119) Connexion a la BDD...
[10:43:56] [INFO]    [SERV]   (./main.c:383) Connecté a la BDD
[10:43:56] [INFO]    [SERV]   (./main.c:384) SET search_path...
[10:43:56] [INFO]    [SERV]   (./main.c:389) SET search_path success
[10:43:56] [INFO]    [SERV]   (./main.c:394) Base de données actuelle : postgres
[10:43:56] [INFO]    [SERV]   (./main.c:400) Schéma courant (search_path) : sae3_delivraptor
[10:43:56] [INFO]    [SERV]   (./main.c:123) Connexion accepté
[10:43:56] [INFO]    [CLIENT] (./main.c:141) [127.0.0.1:49466] Client connecté au service avec succès
[10:43:56] [DEBUG]   [SERV]   (./main.c:150) Taille lecture 16
[10:43:56] [DEBUG]   [SERV]   (./main.c:152) Buffer value : CONN mewen 1234

[10:43:56] [DEBUG]   [CLIENT] (./main.c:155) [127.0.0.1:49466] line : CONN mewen 1234
[10:43:56] [INFO]    [CLIENT] (./main.c:160) [127.0.0.1:49466] Requete 
[10:43:56] [DEBUG]   [CLIENT] (./main.c:338) [127.0.0.1:49466] usr : mewen mdp : 1234
[10:43:56] [INFO]    [CLIENT] (./main.c:355) [127.0.0.1:49466] Authentification réussie
[10:43:56] [DEBUG]   [SERV]   (./main.c:150) Taille lecture 5
[10:43:56] [DEBUG]   [SERV]   (./main.c:152) Buffer value : NEXT

[10:43:56] [DEBUG]   [CLIENT] (./main.c:155) [127.0.0.1:49466] line : NEXT
[10:43:56] [INFO]    [CLIENT] (./main.c:160) [127.0.0.1:49466] Requete CONN
[10:43:56] [INFO]    [CLIENT] (./main.c:147) [127.0.0.1:49466] Client déconnecté
[10:44:03] [DEBUG]   [SERV]   (./main.c:110) apres le accept
[10:44:03] [DEBUG]   [SERV]   (./main.c:111) <<avant le fork
[10:44:03] [DEBUG]   [SERV]   (./main.c:113) <<apres le fork
[10:44:03] [DEBUG]   [SERV]   (./main.c:197)  <<Parent pid enfant : 7275
[10:44:03] [DEBUG]   [SERV]   (./main.c:199)  <<Parent connexion ferme
[10:44:03] [DEBUG]   [SERV]   (./main.c:107) avant le accept
[10:44:03] [DEBUG]   [SERV]   (./main.c:113) <<apres le fork
[10:44:03] [DEBUG]   [SERV]   (./main.c:117)  >>Dans l'enfant pid : 7275
[10:44:03] [INFO]    [SERV]   (./main.c:119) Connexion a la BDD...
[10:44:03] [INFO]    [SERV]   (./main.c:383) Connecté a la BDD
[10:44:03] [INFO]    [SERV]   (./main.c:384) SET search_path...
[10:44:03] [INFO]    [SERV]   (./main.c:389) SET search_path success
[10:44:03] [INFO]    [SERV]   (./main.c:394) Base de données actuelle : postgres
[10:44:03] [INFO]    [SERV]   (./main.c:400) Schéma courant (search_path) : sae3_delivraptor
[10:44:03] [INFO]    [SERV]   (./main.c:123) Connexion accepté
[10:44:03] [INFO]    [CLIENT] (./main.c:141) [127.0.0.1:50096] Client connecté au service avec succès
[10:44:03] [DEBUG]   [SERV]   (./main.c:150) Taille lecture 16
[10:44:03] [DEBUG]   [SERV]   (./main.c:152) Buffer value : CONN mewen 1234

[10:44:03] [DEBUG]   [CLIENT] (./main.c:155) [127.0.0.1:50096] line : CONN mewen 1234
[10:44:03] [INFO]    [CLIENT] (./main.c:160) [127.0.0.1:50096] Requete 
[10:44:03] [DEBUG]   [CLIENT] (./main.c:338) [127.0.0.1:50096] usr : mewen mdp : 1234
[10:44:03] [INFO]    [CLIENT] (./main.c:355) [127.0.0.1:50096] Authentification réussie
[10:44:03] [DEBUG]   [SERV]   (./main.c:150) Taille lecture 5
[10:44:03] [DEBUG]   [SERV]   (./main.c:152) Buffer value : NEXT

[10:44:03] [DEBUG]   [CLIENT] (./main.c:155) [127.0.0.1:50096] line : NEXT
[10:44:03] [INFO]    [CLIENT] (./main.c:160) [127.0.0.1:50096] Requete CONN
[10:44:03] [INFO]    [CLIENT] (./main.c:147) [127.0.0.1:50096] Client déconnecté
[10:44:05] [DEBUG]   [SERV]   (./main.c:150) Taille lecture 18
[10:44:05] [DEBUG]   [SERV]   (./main.c:152) Buffer value : ETA ALI1245369547

[10:44:05] [DEBUG]   [CLIENT] (./main.c:155) [127.0.0.1:55648] line : ETA ALI1245369547
[10:44:05] [INFO]    [CLIENT] (./main.c:160) [127.0.0.1:55648] Requete CONN
[10:44:05] [INFO]    [CLIENT] (./main.c:418) [127.0.0.1:55648] numéro de suivie récupéré
[10:44:05] [INFO]    [CLIENT] (./main.c:439) [127.0.0.1:55648] Id_suivi ALI1245369547 n'existe pas
[10:44:05] [DEBUG]   [SERV]   (./main.c:442) Envoi msg etat
[10:44:05] [DEBUG]   [SERV]   (./etat/etat.c:27)  >> arrive fn msg_etat av test: 0
[10:44:05] [DEBUG]   [SERV]   (./etat/etat.c:29)  >> INCONNU test: 0
[10:44:05] [DEBUG]   [SERV]   (./etat/etat.c:33)  >> arrive fn msg_etat ap test: 0
[10:44:05] [DEBUG]   [SERV]   (./etat/etat.c:36)  >> arrive fn msg_etat av vrai: 0
[10:44:05] [DEBUG]   [SERV]   (./etat/etat.c:42)  >> Message etat inconnu : 0
[10:44:05] [DEBUG]   [SERV]   (./etat/etat.c:52) ETAT 0 message : ETA ERR INCO ALI1245369547
[10:44:05] [DEBUG]   [SERV]   (./etat/etat.c:55) ETAT 0 message : ETA ERR INCO ALI1245369547 envoyé
[10:44:05] [INFO]    [SERV]   (./etat/etat.c:56) ETAT 0 message : ETA ERR INCO ALI1245369547 envoyé
[10:44:05] [DEBUG]   [SERV]   (./main.c:444) Envoi msg etat FIN
[10:44:25] [DEBUG]   [SERV]   (./main.c:150) Taille lecture 81
[10:44:25] [DEBUG]   [SERV]   (./main.c:152) Buffer value : ADD a1215m4454 alizon |1 rue branly| 22300 parveau korentin |5 rue bidule| 29130

[10:44:25] [DEBUG]   [CLIENT] (./main.c:155) [127.0.0.1:55648] line : ADD a1215m4454 alizon |1 rue branly| 22300 parveau korentin |5 rue bidule| 29130
[10:44:25] [INFO]    [CLIENT] (./main.c:160) [127.0.0.1:55648] Requete CONN
[10:44:25] [INFO]    [CLIENT] (./main.c:228) [127.0.0.1:55648] Informaions récupérées avec succès
[10:44:25] [INFO]    [SERV]   (./main.c:253) La commande existe deja
[10:44:25] [INFO]    [SERV]   (./main.c:256) Renvoi du bordereau
[10:44:25] [INFO]    [CLIENT] (./main.c:302) [127.0.0.1:55648] BORD ALI1768230723 coma1215m4454
[10:44:25] [DEBUG]   [SERV]   (./main.c:150) Taille lecture 18
[10:44:25] [DEBUG]   [SERV]   (./main.c:152) Buffer value : ETA ALI1768230723

[10:44:25] [DEBUG]   [CLIENT] (./main.c:155) [127.0.0.1:55648] line : ETA ALI1768230723
[10:44:25] [INFO]    [CLIENT] (./main.c:160) [127.0.0.1:55648] Requete CONN
[10:44:25] [INFO]    [CLIENT] (./main.c:418) [127.0.0.1:55648] numéro de suivie récupéré
[10:44:25] [INFO]    [SERV]   (./main.c:433) Récuperation de l'etat
[10:44:25] [DEBUG]   [SERV]   (./main.c:436) Etat commande char : 9
[10:44:25] [DEBUG]   [SERV]   (./main.c:437) Etat commande int : 9
[10:44:25] [DEBUG]   [SERV]   (./main.c:442) Envoi msg etat
[10:44:25] [DEBUG]   [SERV]   (./etat/etat.c:27)  >> arrive fn msg_etat av test: 9
[10:44:25] [DEBUG]   [SERV]   (./etat/etat.c:31)  >> CONNU test: 9
[10:44:25] [DEBUG]   [SERV]   (./etat/etat.c:33)  >> arrive fn msg_etat ap test: 9
[10:44:25] [DEBUG]   [SERV]   (./etat/etat.c:36)  >> arrive fn msg_etat av vrai: 9
[10:44:25] [DEBUG]   [SERV]   (./etat/etat.c:47)  >> Message etat connu : 9
[10:44:25] [DEBUG]   [SERV]   (./etat/etat.c:52) ETAT 9 message : ETA LVR ALI1768230723
[10:44:25] [DEBUG]   [SERV]   (./etat/etat.c:55) ETAT 9 message : ETA LVR ALI1768230723 envoyé
[10:44:25] [INFO]    [SERV]   (./etat/etat.c:56) ETAT 9 message : ETA LVR ALI1768230723 envoyé
[10:44:25] [DEBUG]   [SERV]   (./main.c:444) Envoi msg etat FIN
[10:44:25] [DEBUG]   [SERV]   (./main.c:150) Taille lecture 18
[10:44:25] [DEBUG]   [SERV]   (./main.c:152) Buffer value : ETA ALI1768245916

[10:44:25] [DEBUG]   [CLIENT] (./main.c:155) [127.0.0.1:55648] line : ETA ALI1768245916
[10:44:25] [INFO]    [CLIENT] (./main.c:160) [127.0.0.1:55648] Requete CONN
[10:44:25] [INFO]    [CLIENT] (./main.c:418) [127.0.0.1:55648] numéro de suivie récupéré
[10:44:25] [INFO]    [SERV]   (./main.c:433) Récuperation de l'etat
[10:44:25] [DEBUG]   [SERV]   (./main.c:436) Etat commande char : 9
[10:44:25] [DEBUG]   [SERV]   (./main.c:437) Etat commande int : 9
[10:44:25] [DEBUG]   [SERV]   (./main.c:442) Envoi msg etat
[10:44:25] [DEBUG]   [SERV]   (./etat/etat.c:27)  >> arrive fn msg_etat av test: 9
[10:44:25] [DEBUG]   [SERV]   (./etat/etat.c:31)  >> CONNU test: 9
[10:44:25] [DEBUG]   [SERV]   (./etat/etat.c:33)  >> arrive fn msg_etat ap test: 9
[10:44:25] [DEBUG]   [SERV]   (./etat/etat.c:36)  >> arrive fn msg_etat av vrai: 9
[10:44:25] [DEBUG]   [SERV]   (./etat/etat.c:47)  >> Message etat connu : 9
[10:44:25] [DEBUG]   [SERV]   (./etat/etat.c:52) ETAT 9 message : ETA LVR ALI1768245916
[10:44:25] [DEBUG]   [SERV]   (./etat/etat.c:55) ETAT 9 message : ETA LVR ALI1768245916 envoyé
[10:44:25] [INFO]    [SERV]   (./etat/etat.c:56) ETAT 9 message : ETA LVR ALI1768245916 envoyé
[10:44:25] [DEBUG]   [SERV]   (./main.c:444) Envoi msg etat FIN
[10:44:25] [DEBUG]   [SERV]   (./main.c:150) Taille lecture 18
[10:44:25] [DEBUG]   [SERV]   (./main.c:152) Buffer value : ETA ALI1768374937

[10:44:25] [DEBUG]   [CLIENT] (./main.c:155) [127.0.0.1:55648] line : ETA ALI1768374937
[10:44:25] [INFO]    [CLIENT] (./main.c:160) [127.0.0.1:55648] Requete CONN
[10:44:25] [INFO]    [CLIENT] (./main.c:418) [127.0.0.1:55648] numéro de suivie récupéré
[10:44:25] [INFO]    [SERV]   (./main.c:433) Récuperation de l'etat
[10:44:25] [DEBUG]   [SERV]   (./main.c:436) Etat commande char : 9
[10:44:25] [DEBUG]   [SERV]   (./main.c:437) Etat commande int : 9
[10:44:25] [DEBUG]   [SERV]   (./main.c:442) Envoi msg etat
[10:44:25] [DEBUG]   [SERV]   (./etat/etat.c:27)  >> arrive fn msg_etat av test: 9
[10:44:25] [DEBUG]   [SERV]   (./etat/etat.c:31)  >> CONNU test: 9
[10:44:25] [DEBUG]   [SERV]   (./etat/etat.c:33)  >> arrive fn msg_etat ap test: 9
[10:44:25] [DEBUG]   [SERV]   (./etat/etat.c:36)  >> arrive fn msg_etat av vrai: 9
[10:44:25] [DEBUG]   [SERV]   (./etat/etat.c:47)  >> Message etat connu : 9
[10:44:25] [DEBUG]   [SERV]   (./etat/etat.c:52) ETAT 9 message : ETA LVR ALI1768374937
[10:44:25] [DEBUG]   [SERV]   (./etat/etat.c:55) ETAT 9 message : ETA LVR ALI1768374937 envoyé
[10:44:25] [INFO]    [SERV]   (./etat/etat.c:56) ETAT 9 message : ETA LVR ALI1768374937 envoyé
[10:44:25] [DEBUG]   [SERV]   (./main.c:444) Envoi msg etat FIN
[10:44:25] [DEBUG]   [SERV]   (./main.c:150) Taille lecture 19
[10:44:25] [DEBUG]   [SERV]   (./main.c:152) Buffer value : ETAT ALI1245369547

[10:44:25] [DEBUG]   [CLIENT] (./main.c:155) [127.0.0.1:55648] line : ETAT ALI1245369547
[10:44:25] [INFO]    [CLIENT] (./main.c:160) [127.0.0.1:55648] Requete CONN
[10:44:25] [WARN]    [CLIENT] (./main.c:181) [127.0.0.1:55648] Commande non reconnu : CONN
[10:44:25] [INFO]    [CLIENT] (./main.c:147) [127.0.0.1:55648] Client déconnecté
[10:49:36] [INFO]    [SERV]   (./main.c:69) **Démarrage du service Delivraptor**
[10:49:36] [INFO]    [SERV]   (./main.c:80) Socket configuré
[10:49:36] [INFO]    [SERV]   (./main.c:95) Adresse ip et port configurées
[10:49:36] [INFO]    [SERV]   (./main.c:100) Socket en écoute
[10:49:36] [DEBUG]   [SERV]   (./main.c:107) avant le accept
[10:49:39] [DEBUG]   [SERV]   (./main.c:110) apres le accept
[10:49:39] [DEBUG]   [SERV]   (./main.c:111) <<avant le fork
[10:49:39] [DEBUG]   [SERV]   (./main.c:113) <<apres le fork
[10:49:39] [DEBUG]   [SERV]   (./main.c:197)  <<Parent pid enfant : 7440
[10:49:39] [DEBUG]   [SERV]   (./main.c:199)  <<Parent connexion ferme
[10:49:39] [DEBUG]   [SERV]   (./main.c:107) avant le accept
[10:49:39] [DEBUG]   [SERV]   (./main.c:113) <<apres le fork
[10:49:39] [DEBUG]   [SERV]   (./main.c:117)  >>Dans l'enfant pid : 7440
[10:49:39] [INFO]    [SERV]   (./main.c:119) Connexion a la BDD...
[10:49:39] [INFO]    [SERV]   (./main.c:383) Connecté a la BDD
[10:49:39] [INFO]    [SERV]   (./main.c:384) SET search_path...
[10:49:39] [INFO]    [SERV]   (./main.c:389) SET search_path success
[10:49:39] [INFO]    [SERV]   (./main.c:394) Base de données actuelle : postgres
[10:49:39] [INFO]    [SERV]   (./main.c:400) Schéma courant (search_path) : sae3_delivraptor
[10:49:39] [INFO]    [SERV]   (./main.c:123) Connexion accepté
[10:49:39] [INFO]    [CLIENT] (./main.c:141) [127.0.0.1:42718] Client connecté au service avec succès
[10:49:39] [DEBUG]   [SERV]   (./main.c:150) Taille lecture 16
[10:49:39] [DEBUG]   [SERV]   (./main.c:152) Buffer value : CONN mewen 1234

[10:49:39] [DEBUG]   [CLIENT] (./main.c:155) [127.0.0.1:42718] line : CONN mewen 1234
[10:49:39] [INFO]    [CLIENT] (./main.c:160) [127.0.0.1:42718] Requete 
[10:49:39] [DEBUG]   [CLIENT] (./main.c:338) [127.0.0.1:42718] usr : mewen mdp : 1234
[10:49:39] [INFO]    [CLIENT] (./main.c:355) [127.0.0.1:42718] Authentification réussie
[10:49:39] [DEBUG]   [SERV]   (./main.c:150) Taille lecture 5
[10:49:39] [DEBUG]   [SERV]   (./main.c:152) Buffer value : NEXT

[10:49:39] [DEBUG]   [CLIENT] (./main.c:155) [127.0.0.1:42718] line : NEXT
[10:49:39] [INFO]    [CLIENT] (./main.c:160) [127.0.0.1:42718] Requete CONN
[10:49:39] [INFO]    [CLIENT] (./main.c:147) [127.0.0.1:42718] Client déconnecté
[10:49:42] [DEBUG]   [SERV]   (./main.c:110) apres le accept
[10:49:42] [DEBUG]   [SERV]   (./main.c:111) <<avant le fork
[10:49:42] [DEBUG]   [SERV]   (./main.c:113) <<apres le fork
[10:49:42] [DEBUG]   [SERV]   (./main.c:197)  <<Parent pid enfant : 7452
[10:49:42] [DEBUG]   [SERV]   (./main.c:199)  <<Parent connexion ferme
[10:49:42] [DEBUG]   [SERV]   (./main.c:107) avant le accept
[10:49:42] [DEBUG]   [SERV]   (./main.c:113) <<apres le fork
[10:49:42] [DEBUG]   [SERV]   (./main.c:117)  >>Dans l'enfant pid : 7452
[10:49:42] [INFO]    [SERV]   (./main.c:119) Connexion a la BDD...
[10:49:42] [INFO]    [SERV]   (./main.c:383) Connecté a la BDD
[10:49:42] [INFO]    [SERV]   (./main.c:384) SET search_path...
[10:49:42] [INFO]    [SERV]   (./main.c:389) SET search_path success
[10:49:42] [INFO]    [SERV]   (./main.c:394) Base de données actuelle : postgres
[10:49:42] [INFO]    [SERV]   (./main.c:400) Schéma courant (search_path) : sae3_delivraptor
[10:49:42] [INFO]    [SERV]   (./main.c:123) Connexion accepté
[10:49:42] [INFO]    [CLIENT] (./main.c:141) [127.0.0.1:42728] Client connecté au service avec succès
[10:49:42] [DEBUG]   [SERV]   (./main.c:150) Taille lecture 16
[10:49:42] [DEBUG]   [SERV]   (./main.c:152) Buffer value : CONN mewen 1234

[10:49:42] [DEBUG]   [CLIENT] (./main.c:155) [127.0.0.1:42728] line : CONN mewen 1234
[10:49:42] [INFO]    [CLIENT] (./main.c:160) [127.0.0.1:42728] Requete 
[10:49:42] [DEBUG]   [CLIENT] (./main.c:338) [127.0.0.1:42728] usr : mewen mdp : 1234
[10:49:42] [INFO]    [CLIENT] (./main.c:355) [127.0.0.1:42728] Authentification réussie
[10:49:42] [DEBUG]   [SERV]   (./main.c:150) Taille lecture 74
[10:49:42] [DEBUG]   [SERV]   (./main.c:152) Buffer value : ADD 144254 alizon |1 rue branly| 22300 roussel mewen |3 rue machin| 22450

[10:49:42] [DEBUG]   [CLIENT] (./main.c:155) [127.0.0.1:42728] line : ADD 144254 alizon |1 rue branly| 22300 roussel mewen |3 rue machin| 22450
[10:49:42] [INFO]    [CLIENT] (./main.c:160) [127.0.0.1:42728] Requete CONN
[10:49:42] [INFO]    [CLIENT] (./main.c:228) [127.0.0.1:42728] Informaions récupérées avec succès
[10:49:42] [INFO]    [SERV]   (./main.c:253) La commande existe deja
[10:49:42] [INFO]    [SERV]   (./main.c:256) Renvoi du bordereau
[10:49:42] [INFO]    [CLIENT] (./main.c:302) [127.0.0.1:42728] BORD ALI1768374937 com144254
[10:49:42] [DEBUG]   [SERV]   (./main.c:150) Taille lecture 18
[10:49:42] [DEBUG]   [SERV]   (./main.c:152) Buffer value : ETA ALI1768374937

[10:49:42] [DEBUG]   [CLIENT] (./main.c:155) [127.0.0.1:42728] line : ETA ALI1768374937
[10:49:42] [INFO]    [CLIENT] (./main.c:160) [127.0.0.1:42728] Requete CONN
[10:49:42] [INFO]    [CLIENT] (./main.c:418) [127.0.0.1:42728] numéro de suivie récupéré
[10:49:42] [INFO]    [SERV]   (./main.c:433) Récuperation de l'etat
[10:49:42] [DEBUG]   [SERV]   (./main.c:436) Etat commande char : 9
[10:49:42] [DEBUG]   [SERV]   (./main.c:437) Etat commande int : 9
[10:49:42] [DEBUG]   [SERV]   (./main.c:442) Envoi msg etat
[10:49:42] [DEBUG]   [SERV]   (./etat/etat.c:27)  >> arrive fn msg_etat av test: 9
[10:49:42] [DEBUG]   [SERV]   (./etat/etat.c:31)  >> CONNU test: 9
[10:49:42] [DEBUG]   [SERV]   (./etat/etat.c:33)  >> arrive fn msg_etat ap test: 9
[10:49:42] [DEBUG]   [SERV]   (./etat/etat.c:36)  >> arrive fn msg_etat av vrai: 9
[10:49:42] [DEBUG]   [SERV]   (./etat/etat.c:47)  >> Message etat connu : 9
[10:49:42] [DEBUG]   [SERV]   (./etat/etat.c:52) ETAT 9 message : ETA LVR ALI1768374937
[10:49:42] [DEBUG]   [SERV]   (./etat/etat.c:55) ETAT 9 message : ETA LVR ALI1768374937 envoyé
[10:49:42] [INFO]    [SERV]   (./etat/etat.c:56) ETAT 9 message : ETA LVR ALI1768374937 envoyé
[10:49:42] [DEBUG]   [SERV]   (./main.c:444) Envoi msg etat FIN
[10:49:46] [DEBUG]   [SERV]   (./main.c:110) apres le accept
[10:49:46] [DEBUG]   [SERV]   (./main.c:111) <<avant le fork
[10:49:46] [DEBUG]   [SERV]   (./main.c:113) <<apres le fork
[10:49:46] [DEBUG]   [SERV]   (./main.c:197)  <<Parent pid enfant : 7459
[10:49:46] [DEBUG]   [SERV]   (./main.c:199)  <<Parent connexion ferme
[10:49:46] [DEBUG]   [SERV]   (./main.c:107) avant le accept
[10:49:46] [DEBUG]   [SERV]   (./main.c:113) <<apres le fork
[10:49:46] [DEBUG]   [SERV]   (./main.c:117)  >>Dans l'enfant pid : 7459
[10:49:46] [INFO]    [SERV]   (./main.c:119) Connexion a la BDD...
[10:49:46] [INFO]    [SERV]   (./main.c:383) Connecté a la BDD
[10:49:46] [INFO]    [SERV]   (./main.c:384) SET search_path...
[10:49:46] [INFO]    [SERV]   (./main.c:389) SET search_path success
[10:49:46] [INFO]    [SERV]   (./main.c:394) Base de données actuelle : postgres
[10:49:46] [INFO]    [SERV]   (./main.c:400) Schéma courant (search_path) : sae3_delivraptor
[10:49:46] [INFO]    [SERV]   (./main.c:123) Connexion accepté
[10:49:46] [INFO]    [CLIENT] (./main.c:141) [127.0.0.1:42740] Client connecté au service avec succès
[10:49:46] [DEBUG]   [SERV]   (./main.c:150) Taille lecture 16
[10:49:46] [DEBUG]   [SERV]   (./main.c:152) Buffer value : CONN mewen 1234

[10:49:46] [DEBUG]   [CLIENT] (./main.c:155) [127.0.0.1:42740] line : CONN mewen 1234
[10:49:46] [INFO]    [CLIENT] (./main.c:160) [127.0.0.1:42740] Requete 
[10:49:46] [DEBUG]   [CLIENT] (./main.c:338) [127.0.0.1:42740] usr : mewen mdp : 1234
[10:49:46] [INFO]    [CLIENT] (./main.c:355) [127.0.0.1:42740] Authentification réussie
[10:49:46] [DEBUG]   [SERV]   (./main.c:150) Taille lecture 5
[10:49:46] [DEBUG]   [SERV]   (./main.c:152) Buffer value : NEXT

[10:49:46] [DEBUG]   [CLIENT] (./main.c:155) [127.0.0.1:42740] line : NEXT
[10:49:46] [INFO]    [CLIENT] (./main.c:160) [127.0.0.1:42740] Requete CONN
[10:49:46] [INFO]    [CLIENT] (./main.c:147) [127.0.0.1:42740] Client déconnecté
[10:49:52] [DEBUG]   [SERV]   (./main.c:150) Taille lecture 76
[10:49:52] [DEBUG]   [SERV]   (./main.c:152) Buffer value : ADD 15223 alizon |1 rue branly| 22300 parveau korentin |5 rue bidule| 29130

[10:49:52] [DEBUG]   [CLIENT] (./main.c:155) [127.0.0.1:42728] line : ADD 15223 alizon |1 rue branly| 22300 parveau korentin |5 rue bidule| 29130
[10:49:52] [INFO]    [CLIENT] (./main.c:160) [127.0.0.1:42728] Requete CONN
[10:49:52] [INFO]    [CLIENT] (./main.c:228) [127.0.0.1:42728] Informaions récupérées avec succès
[10:49:52] [INFO]    [SERV]   (./main.c:253) La commande existe deja
[10:49:52] [INFO]    [SERV]   (./main.c:256) Renvoi du bordereau
[10:49:52] [INFO]    [CLIENT] (./main.c:302) [127.0.0.1:42728] BORD ALI1768245916 com15223
[10:49:52] [DEBUG]   [SERV]   (./main.c:150) Taille lecture 18
[10:49:52] [DEBUG]   [SERV]   (./main.c:152) Buffer value : ETA ALI1768245916

[10:49:52] [DEBUG]   [CLIENT] (./main.c:155) [127.0.0.1:42728] line : ETA ALI1768245916
[10:49:52] [INFO]    [CLIENT] (./main.c:160) [127.0.0.1:42728] Requete CONN
[10:49:52] [INFO]    [CLIENT] (./main.c:418) [127.0.0.1:42728] numéro de suivie récupéré
[10:49:52] [INFO]    [SERV]   (./main.c:433) Récuperation de l'etat
[10:49:52] [DEBUG]   [SERV]   (./main.c:436) Etat commande char : 9
[10:49:52] [DEBUG]   [SERV]   (./main.c:437) Etat commande int : 9
[10:49:52] [DEBUG]   [SERV]   (./main.c:442) Envoi msg etat
[10:49:52] [DEBUG]   [SERV]   (./etat/etat.c:27)  >> arrive fn msg_etat av test: 9
[10:49:52] [DEBUG]   [SERV]   (./etat/etat.c:31)  >> CONNU test: 9
[10:49:52] [DEBUG]   [SERV]   (./etat/etat.c:33)  >> arrive fn msg_etat ap test: 9
[10:49:52] [DEBUG]   [SERV]   (./etat/etat.c:36)  >> arrive fn msg_etat av vrai: 9
[10:49:52] [DEBUG]   [SERV]   (./etat/etat.c:47)  >> Message etat connu : 9
[10:49:52] [DEBUG]   [SERV]   (./etat/etat.c:52) ETAT 9 message : ETA LVR ALI1768245916
[10:49:52] [DEBUG]   [SERV]   (./etat/etat.c:55) ETAT 9 message : ETA LVR ALI1768245916 envoyé
[10:49:52] [INFO]    [SERV]   (./etat/etat.c:56) ETAT 9 message : ETA LVR ALI1768245916 envoyé
[10:49:52] [DEBUG]   [SERV]   (./main.c:444) Envoi msg etat FIN
[10:49:52] [DEBUG]   [SERV]   (./main.c:150) Taille lecture 18
[10:49:52] [DEBUG]   [SERV]   (./main.c:152) Buffer value : ETA ALI1768374937

[10:49:52] [DEBUG]   [CLIENT] (./main.c:155) [127.0.0.1:42728] line : ETA ALI1768374937
[10:49:52] [INFO]    [CLIENT] (./main.c:160) [127.0.0.1:42728] Requete CONN
[10:49:52] [INFO]    [CLIENT] (./main.c:418) [127.0.0.1:42728] numéro de suivie récupéré
[10:49:52] [INFO]    [SERV]   (./main.c:433) Récuperation de l'etat
[10:49:52] [DEBUG]   [SERV]   (./main.c:436) Etat commande char : 9
[10:49:52] [DEBUG]   [SERV]   (./main.c:437) Etat commande int : 9
[10:49:52] [DEBUG]   [SERV]   (./main.c:442) Envoi msg etat
[10:49:52] [DEBUG]   [SERV]   (./etat/etat.c:27)  >> arrive fn msg_etat av test: 9
[10:49:52] [DEBUG]   [SERV]   (./etat/etat.c:31)  >> CONNU test: 9
[10:49:52] [DEBUG]   [SERV]   (./etat/etat.c:33)  >> arrive fn msg_etat ap test: 9
[10:49:52] [DEBUG]   [SERV]   (./etat/etat.c:36)  >> arrive fn msg_etat av vrai: 9
[10:49:52] [DEBUG]   [SERV]   (./etat/etat.c:47)  >> Message etat connu : 9
[10:49:52] [DEBUG]   [SERV]   (./etat/etat.c:52) ETAT 9 message : ETA LVR ALI1768374937
[10:49:52] [DEBUG]   [SERV]   (./etat/etat.c:55) ETAT 9 message : ETA LVR ALI1768374937 envoyé
[10:49:52] [INFO]    [SERV]   (./etat/etat.c:56) ETAT 9 message : ETA LVR ALI1768374937 envoyé
[10:49:52] [DEBUG]   [SERV]   (./main.c:444) Envoi msg etat FIN
[10:49:53] [DEBUG]   [SERV]   (./main.c:110) apres le accept
[10:49:53] [DEBUG]   [SERV]   (./main.c:111) <<avant le fork
[10:49:53] [DEBUG]   [SERV]   (./main.c:113) <<apres le fork
[10:49:53] [DEBUG]   [SERV]   (./main.c:197)  <<Parent pid enfant : 7461
[10:49:53] [DEBUG]   [SERV]   (./main.c:199)  <<Parent connexion ferme
[10:49:53] [DEBUG]   [SERV]   (./main.c:107) avant le accept
[10:49:53] [DEBUG]   [SERV]   (./main.c:113) <<apres le fork
[10:49:53] [DEBUG]   [SERV]   (./main.c:117)  >>Dans l'enfant pid : 7461
[10:49:53] [INFO]    [SERV]   (./main.c:119) Connexion a la BDD...
[10:49:53] [INFO]    [SERV]   (./main.c:383) Connecté a la BDD
[10:49:53] [INFO]    [SERV]   (./main.c:384) SET search_path...
[10:49:53] [INFO]    [SERV]   (./main.c:389) SET search_path success
[10:49:53] [INFO]    [SERV]   (./main.c:394) Base de données actuelle : postgres
[10:49:53] [INFO]    [SERV]   (./main.c:400) Schéma courant (search_path) : sae3_delivraptor
[10:49:53] [INFO]    [SERV]   (./main.c:123) Connexion accepté
[10:49:53] [INFO]    [CLIENT] (./main.c:141) [127.0.0.1:38986] Client connecté au service avec succès
[10:49:53] [DEBUG]   [SERV]   (./main.c:150) Taille lecture 16
[10:49:53] [DEBUG]   [SERV]   (./main.c:152) Buffer value : CONN mewen 1234

[10:49:53] [DEBUG]   [CLIENT] (./main.c:155) [127.0.0.1:38986] line : CONN mewen 1234
[10:49:53] [INFO]    [CLIENT] (./main.c:160) [127.0.0.1:38986] Requete 
[10:49:53] [DEBUG]   [CLIENT] (./main.c:338) [127.0.0.1:38986] usr : mewen mdp : 1234
[10:49:53] [INFO]    [CLIENT] (./main.c:355) [127.0.0.1:38986] Authentification réussie
[10:49:53] [DEBUG]   [SERV]   (./main.c:150) Taille lecture 5
[10:49:53] [DEBUG]   [SERV]   (./main.c:152) Buffer value : NEXT

[10:49:53] [DEBUG]   [CLIENT] (./main.c:155) [127.0.0.1:38986] line : NEXT
[10:49:53] [INFO]    [CLIENT] (./main.c:160) [127.0.0.1:38986] Requete CONN
[10:49:53] [INFO]    [CLIENT] (./main.c:147) [127.0.0.1:38986] Client déconnecté
[10:50:00] [DEBUG]   [SERV]   (./main.c:110) apres le accept
[10:50:00] [DEBUG]   [SERV]   (./main.c:111) <<avant le fork
[10:50:00] [DEBUG]   [SERV]   (./main.c:113) <<apres le fork
[10:50:00] [DEBUG]   [SERV]   (./main.c:197)  <<Parent pid enfant : 7466
[10:50:00] [DEBUG]   [SERV]   (./main.c:199)  <<Parent connexion ferme
[10:50:00] [DEBUG]   [SERV]   (./main.c:107) avant le accept
[10:50:00] [DEBUG]   [SERV]   (./main.c:113) <<apres le fork
[10:50:00] [DEBUG]   [SERV]   (./main.c:117)  >>Dans l'enfant pid : 7466
[10:50:00] [INFO]    [SERV]   (./main.c:119) Connexion a la BDD...
[10:50:00] [INFO]    [SERV]   (./main.c:383) Connecté a la BDD
[10:50:00] [INFO]    [SERV]   (./main.c:384) SET search_path...
[10:50:00] [INFO]    [SERV]   (./main.c:389) SET search_path success
[10:50:00] [INFO]    [SERV]   (./main.c:394) Base de données actuelle : postgres
[10:50:00] [INFO]    [SERV]   (./main.c:400) Schéma courant (search_path) : sae3_delivraptor
[10:50:00] [INFO]    [SERV]   (./main.c:123) Connexion accepté
[10:50:00] [INFO]    [CLIENT] (./main.c:141) [127.0.0.1:56252] Client connecté au service avec succès
[10:50:00] [DEBUG]   [SERV]   (./main.c:150) Taille lecture 16
[10:50:00] [DEBUG]   [SERV]   (./main.c:152) Buffer value : CONN mewen 1234

[10:50:00] [DEBUG]   [CLIENT] (./main.c:155) [127.0.0.1:56252] line : CONN mewen 1234
[10:50:00] [INFO]    [CLIENT] (./main.c:160) [127.0.0.1:56252] Requete 
[10:50:00] [DEBUG]   [CLIENT] (./main.c:338) [127.0.0.1:56252] usr : mewen mdp : 1234
[10:50:00] [INFO]    [CLIENT] (./main.c:355) [127.0.0.1:56252] Authentification réussie
[10:50:00] [DEBUG]   [SERV]   (./main.c:150) Taille lecture 5
[10:50:00] [DEBUG]   [SERV]   (./main.c:152) Buffer value : NEXT

[10:50:00] [DEBUG]   [CLIENT] (./main.c:155) [127.0.0.1:56252] line : NEXT
[10:50:00] [INFO]    [CLIENT] (./main.c:160) [127.0.0.1:56252] Requete CONN
[10:50:00] [INFO]    [CLIENT] (./main.c:147) [127.0.0.1:56252] Client déconnecté
[10:50:02] [DEBUG]   [SERV]   (./main.c:150) Taille lecture 18
[10:50:02] [DEBUG]   [SERV]   (./main.c:152) Buffer value : ETA ALI1245369547

[10:50:02] [DEBUG]   [CLIENT] (./main.c:155) [127.0.0.1:42728] line : ETA ALI1245369547
[10:50:02] [INFO]    [CLIENT] (./main.c:160) [127.0.0.1:42728] Requete CONN
[10:50:02] [INFO]    [CLIENT] (./main.c:418) [127.0.0.1:42728] numéro de suivie récupéré
[10:50:02] [INFO]    [CLIENT] (./main.c:439) [127.0.0.1:42728] Id_suivi ALI1245369547 n'existe pas
[10:50:02] [DEBUG]   [SERV]   (./main.c:442) Envoi msg etat
[10:50:02] [DEBUG]   [SERV]   (./etat/etat.c:27)  >> arrive fn msg_etat av test: 0
[10:50:02] [DEBUG]   [SERV]   (./etat/etat.c:29)  >> INCONNU test: 0
[10:50:02] [DEBUG]   [SERV]   (./etat/etat.c:33)  >> arrive fn msg_etat ap test: 0
[10:50:02] [DEBUG]   [SERV]   (./etat/etat.c:36)  >> arrive fn msg_etat av vrai: 0
[10:50:02] [DEBUG]   [SERV]   (./etat/etat.c:42)  >> Message etat inconnu : 0
[10:50:02] [DEBUG]   [SERV]   (./etat/etat.c:52) ETAT 0 message : ETA ERR INCO ALI1245369547
[10:50:02] [DEBUG]   [SERV]   (./etat/etat.c:55) ETAT 0 message : ETA ERR INCO ALI1245369547 envoyé
[10:50:02] [INFO]    [SERV]   (./etat/etat.c:56) ETAT 0 message : ETA ERR INCO ALI1245369547 envoyé
[10:50:02] [DEBUG]   [SERV]   (./main.c:444) Envoi msg etat FIN
[10:50:22] [DEBUG]   [SERV]   (./main.c:150) Taille lecture 81
[10:50:22] [DEBUG]   [SERV]   (./main.c:152) Buffer value : ADD a1215m4454 alizon |1 rue branly| 22300 parveau korentin |5 rue bidule| 29130

[10:50:22] [DEBUG]   [CLIENT] (./main.c:155) [127.0.0.1:42728] line : ADD a1215m4454 alizon |1 rue branly| 22300 parveau korentin |5 rue bidule| 29130
[10:50:22] [INFO]    [CLIENT] (./main.c:160) [127.0.0.1:42728] Requete CONN
[10:50:22] [INFO]    [CLIENT] (./main.c:228) [127.0.0.1:42728] Informaions récupérées avec succès
[10:50:22] [INFO]    [SERV]   (./main.c:253) La commande existe deja
[10:50:22] [INFO]    [SERV]   (./main.c:256) Renvoi du bordereau
[10:50:22] [INFO]    [CLIENT] (./main.c:302) [127.0.0.1:42728] BORD ALI1768230723 coma1215m4454
[10:50:22] [DEBUG]   [SERV]   (./main.c:150) Taille lecture 18
[10:50:22] [DEBUG]   [SERV]   (./main.c:152) Buffer value : ETA ALI1768230723

[10:50:22] [DEBUG]   [CLIENT] (./main.c:155) [127.0.0.1:42728] line : ETA ALI1768230723
[10:50:22] [INFO]    [CLIENT] (./main.c:160) [127.0.0.1:42728] Requete CONN
[10:50:22] [INFO]    [CLIENT] (./main.c:418) [127.0.0.1:42728] numéro de suivie récupéré
[10:50:22] [INFO]    [SERV]   (./main.c:433) Récuperation de l'etat
[10:50:22] [DEBUG]   [SERV]   (./main.c:436) Etat commande char : 9
[10:50:22] [DEBUG]   [SERV]   (./main.c:437) Etat commande int : 9
[10:50:22] [DEBUG]   [SERV]   (./main.c:442) Envoi msg etat
[10:50:22] [DEBUG]   [SERV]   (./etat/etat.c:27)  >> arrive fn msg_etat av test: 9
[10:50:22] [DEBUG]   [SERV]   (./etat/etat.c:31)  >> CONNU test: 9
[10:50:22] [DEBUG]   [SERV]   (./etat/etat.c:33)  >> arrive fn msg_etat ap test: 9
[10:50:22] [DEBUG]   [SERV]   (./etat/etat.c:36)  >> arrive fn msg_etat av vrai: 9
[10:50:22] [DEBUG]   [SERV]   (./etat/etat.c:47)  >> Message etat connu : 9
[10:50:22] [DEBUG]   [SERV]   (./etat/etat.c:52) ETAT 9 message : ETA LVR ALI1768230723
[10:50:22] [DEBUG]   [SERV]   (./etat/etat.c:55) ETAT 9 message : ETA LVR ALI1768230723 envoyé
[10:50:22] [INFO]    [SERV]   (./etat/etat.c:56) ETAT 9 message : ETA LVR ALI1768230723 envoyé
[10:50:22] [DEBUG]   [SERV]   (./main.c:444) Envoi msg etat FIN
[10:50:22] [DEBUG]   [SERV]   (./main.c:150) Taille lecture 18
[10:50:22] [DEBUG]   [SERV]   (./main.c:152) Buffer value : ETA ALI1768245916

[10:50:22] [DEBUG]   [CLIENT] (./main.c:155) [127.0.0.1:42728] line : ETA ALI1768245916
[10:50:22] [INFO]    [CLIENT] (./main.c:160) [127.0.0.1:42728] Requete CONN
[10:50:22] [INFO]    [CLIENT] (./main.c:418) [127.0.0.1:42728] numéro de suivie récupéré
[10:50:22] [INFO]    [SERV]   (./main.c:433) Récuperation de l'etat
[10:50:22] [DEBUG]   [SERV]   (./main.c:436) Etat commande char : 9
[10:50:22] [DEBUG]   [SERV]   (./main.c:437) Etat commande int : 9
[10:50:22] [DEBUG]   [SERV]   (./main.c:442) Envoi msg etat
[10:50:22] [DEBUG]   [SERV]   (./etat/etat.c:27)  >> arrive fn msg_etat av test: 9
[10:50:22] [DEBUG]   [SERV]   (./etat/etat.c:31)  >> CONNU test: 9
[10:50:22] [DEBUG]   [SERV]   (./etat/etat.c:33)  >> arrive fn msg_etat ap test: 9
[10:50:22] [DEBUG]   [SERV]   (./etat/etat.c:36)  >> arrive fn msg_etat av vrai: 9
[10:50:22] [DEBUG]   [SERV]   (./etat/etat.c:47)  >> Message etat connu : 9
[10:50:22] [DEBUG]   [SERV]   (./etat/etat.c:52) ETAT 9 message : ETA LVR ALI1768245916
[10:50:22] [DEBUG]   [SERV]   (./etat/etat.c:55) ETAT 9 message : ETA LVR ALI1768245916 envoyé
[10:50:22] [INFO]    [SERV]   (./etat/etat.c:56) ETAT 9 message : ETA LVR ALI1768245916 envoyé
[10:50:22] [DEBUG]   [SERV]   (./main.c:444) Envoi msg etat FIN
[10:50:22] [DEBUG]   [SERV]   (./main.c:150) Taille lecture 18
[10:50:22] [DEBUG]   [SERV]   (./main.c:152) Buffer value : ETA ALI1768374937

[10:50:22] [DEBUG]   [CLIENT] (./main.c:155) [127.0.0.1:42728] line : ETA ALI1768374937
[10:50:22] [INFO]    [CLIENT] (./main.c:160) [127.0.0.1:42728] Requete CONN
[10:50:22] [INFO]    [CLIENT] (./main.c:418) [127.0.0.1:42728] numéro de suivie récupéré
[10:50:22] [INFO]    [SERV]   (./main.c:433) Récuperation de l'etat
[10:50:22] [DEBUG]   [SERV]   (./main.c:436) Etat commande char : 9
[10:50:22] [DEBUG]   [SERV]   (./main.c:437) Etat commande int : 9
[10:50:22] [DEBUG]   [SERV]   (./main.c:442) Envoi msg etat
[10:50:22] [DEBUG]   [SERV]   (./etat/etat.c:27)  >> arrive fn msg_etat av test: 9
[10:50:22] [DEBUG]   [SERV]   (./etat/etat.c:31)  >> CONNU test: 9
[10:50:22] [DEBUG]   [SERV]   (./etat/etat.c:33)  >> arrive fn msg_etat ap test: 9
[10:50:22] [DEBUG]   [SERV]   (./etat/etat.c:36)  >> arrive fn msg_etat av vrai: 9
[10:50:22] [DEBUG]   [SERV]   (./etat/etat.c:47)  >> Message etat connu : 9
[10:50:22] [DEBUG]   [SERV]   (./etat/etat.c:52) ETAT 9 message : ETA LVR ALI1768374937
[10:50:22] [DEBUG]   [SERV]   (./etat/etat.c:55) ETAT 9 message : ETA LVR ALI1768374937 envoyé
[10:50:22] [INFO]    [SERV]   (./etat/etat.c:56) ETAT 9 message : ETA LVR ALI1768374937 envoyé
[10:50:22] [DEBUG]   [SERV]   (./main.c:444) Envoi msg etat FIN
[10:50:22] [DEBUG]   [SERV]   (./main.c:150) Taille lecture 19
[10:50:22] [DEBUG]   [SERV]   (./main.c:152) Buffer value : ETAT ALI1245369547

[10:50:22] [DEBUG]   [CLIENT] (./main.c:155) [127.0.0.1:42728] line : ETAT ALI1245369547
[10:50:22] [INFO]    [CLIENT] (./main.c:160) [127.0.0.1:42728] Requete CONN
[10:50:22] [WARN]    [CLIENT] (./main.c:181) [127.0.0.1:42728] Commande non reconnu : CONN
[10:50:22] [INFO]    [CLIENT] (./main.c:147) [127.0.0.1:42728] Client déconnecté
[10:50:55] [INFO]    [SERV]   (./main.c:69) **Démarrage du service Delivraptor**
[10:50:55] [INFO]    [SERV]   (./main.c:80) Socket configuré
[10:50:55] [INFO]    [SERV]   (./main.c:95) Adresse ip et port configurées
[10:50:55] [INFO]    [SERV]   (./main.c:100) Socket en écoute
[10:50:55] [DEBUG]   [SERV]   (./main.c:107) avant le accept
[10:50:58] [DEBUG]   [SERV]   (./main.c:110) apres le accept
[10:50:58] [DEBUG]   [SERV]   (./main.c:111) <<avant le fork
[10:50:58] [DEBUG]   [SERV]   (./main.c:113) <<apres le fork
[10:50:58] [DEBUG]   [SERV]   (./main.c:197)  <<Parent pid enfant : 7513
[10:50:58] [DEBUG]   [SERV]   (./main.c:199)  <<Parent connexion ferme
[10:50:58] [DEBUG]   [SERV]   (./main.c:107) avant le accept
[10:50:58] [DEBUG]   [SERV]   (./main.c:113) <<apres le fork
[10:50:58] [DEBUG]   [SERV]   (./main.c:117)  >>Dans l'enfant pid : 7513
[10:50:58] [INFO]    [SERV]   (./main.c:119) Connexion a la BDD...
[10:50:58] [INFO]    [SERV]   (./main.c:383) Connecté a la BDD
[10:50:58] [INFO]    [SERV]   (./main.c:384) SET search_path...
[10:50:58] [INFO]    [SERV]   (./main.c:389) SET search_path success
[10:50:58] [INFO]    [SERV]   (./main.c:394) Base de données actuelle : postgres
[10:50:58] [INFO]    [SERV]   (./main.c:400) Schéma courant (search_path) : sae3_delivraptor
[10:50:58] [INFO]    [SERV]   (./main.c:123) Connexion accepté
[10:50:58] [INFO]    [CLIENT] (./main.c:141) [127.0.0.1:56974] Client connecté au service avec succès
[10:50:58] [DEBUG]   [SERV]   (./main.c:150) Taille lecture 16
[10:50:58] [DEBUG]   [SERV]   (./main.c:152) Buffer value : CONN mewen 1234

[10:50:58] [DEBUG]   [CLIENT] (./main.c:155) [127.0.0.1:56974] line : CONN mewen 1234
[10:50:58] [INFO]    [CLIENT] (./main.c:160) [127.0.0.1:56974] Requete 
[10:50:58] [DEBUG]   [CLIENT] (./main.c:338) [127.0.0.1:56974] usr : mewen mdp : 1234
[10:50:58] [INFO]    [CLIENT] (./main.c:355) [127.0.0.1:56974] Authentification réussie
[10:50:58] [DEBUG]   [SERV]   (./main.c:150) Taille lecture 5
[10:50:58] [DEBUG]   [SERV]   (./main.c:152) Buffer value : NEXT

[10:50:58] [DEBUG]   [CLIENT] (./main.c:155) [127.0.0.1:56974] line : NEXT
[10:50:58] [INFO]    [CLIENT] (./main.c:160) [127.0.0.1:56974] Requete CONN
[10:50:58] [INFO]    [CLIENT] (./main.c:147) [127.0.0.1:56974] Client déconnecté
[10:50:59] [DEBUG]   [SERV]   (./main.c:110) apres le accept
[10:50:59] [DEBUG]   [SERV]   (./main.c:111) <<avant le fork
[10:50:59] [DEBUG]   [SERV]   (./main.c:113) <<apres le fork
[10:50:59] [DEBUG]   [SERV]   (./main.c:197)  <<Parent pid enfant : 7533
[10:50:59] [DEBUG]   [SERV]   (./main.c:199)  <<Parent connexion ferme
[10:50:59] [DEBUG]   [SERV]   (./main.c:107) avant le accept
[10:50:59] [DEBUG]   [SERV]   (./main.c:113) <<apres le fork
[10:50:59] [DEBUG]   [SERV]   (./main.c:117)  >>Dans l'enfant pid : 7533
[10:50:59] [INFO]    [SERV]   (./main.c:119) Connexion a la BDD...
[10:50:59] [INFO]    [SERV]   (./main.c:383) Connecté a la BDD
[10:50:59] [INFO]    [SERV]   (./main.c:384) SET search_path...
[10:50:59] [INFO]    [SERV]   (./main.c:389) SET search_path success
[10:50:59] [INFO]    [SERV]   (./main.c:394) Base de données actuelle : postgres
[10:50:59] [INFO]    [SERV]   (./main.c:400) Schéma courant (search_path) : sae3_delivraptor
[10:50:59] [INFO]    [SERV]   (./main.c:123) Connexion accepté
[10:50:59] [INFO]    [CLIENT] (./main.c:141) [127.0.0.1:52948] Client connecté au service avec succès
[10:50:59] [DEBUG]   [SERV]   (./main.c:150) Taille lecture 16
[10:50:59] [DEBUG]   [SERV]   (./main.c:152) Buffer value : CONN mewen 1234

[10:50:59] [DEBUG]   [CLIENT] (./main.c:155) [127.0.0.1:52948] line : CONN mewen 1234
[10:50:59] [INFO]    [CLIENT] (./main.c:160) [127.0.0.1:52948] Requete 
[10:50:59] [DEBUG]   [CLIENT] (./main.c:338) [127.0.0.1:52948] usr : mewen mdp : 1234
[10:50:59] [INFO]    [CLIENT] (./main.c:355) [127.0.0.1:52948] Authentification réussie
[10:50:59] [DEBUG]   [SERV]   (./main.c:150) Taille lecture 74
[10:50:59] [DEBUG]   [SERV]   (./main.c:152) Buffer value : ADD 144254 alizon |1 rue branly| 22300 roussel mewen |3 rue machin| 22450

[10:50:59] [DEBUG]   [CLIENT] (./main.c:155) [127.0.0.1:52948] line : ADD 144254 alizon |1 rue branly| 22300 roussel mewen |3 rue machin| 22450
[10:50:59] [INFO]    [CLIENT] (./main.c:160) [127.0.0.1:52948] Requete CONN
[10:50:59] [INFO]    [CLIENT] (./main.c:228) [127.0.0.1:52948] Informaions récupérées avec succès
[10:50:59] [INFO]    [SERV]   (./main.c:253) La commande existe deja
[10:50:59] [INFO]    [SERV]   (./main.c:256) Renvoi du bordereau
[10:50:59] [INFO]    [CLIENT] (./main.c:302) [127.0.0.1:52948] BORD ALI1768374937 com144254
[10:50:59] [DEBUG]   [SERV]   (./main.c:150) Taille lecture 18
[10:50:59] [DEBUG]   [SERV]   (./main.c:152) Buffer value : ETA ALI1768374937

[10:50:59] [DEBUG]   [CLIENT] (./main.c:155) [127.0.0.1:52948] line : ETA ALI1768374937
[10:50:59] [INFO]    [CLIENT] (./main.c:160) [127.0.0.1:52948] Requete CONN
[10:50:59] [INFO]    [CLIENT] (./main.c:418) [127.0.0.1:52948] numéro de suivie récupéré
[10:50:59] [INFO]    [SERV]   (./main.c:433) Récuperation de l'etat
[10:50:59] [DEBUG]   [SERV]   (./main.c:436) Etat commande char : 9
[10:50:59] [DEBUG]   [SERV]   (./main.c:437) Etat commande int : 9
[10:50:59] [DEBUG]   [SERV]   (./main.c:442) Envoi msg etat
[10:50:59] [DEBUG]   [SERV]   (./etat/etat.c:27)  >> arrive fn msg_etat av test: 9
[10:50:59] [DEBUG]   [SERV]   (./etat/etat.c:31)  >> CONNU test: 9
[10:50:59] [DEBUG]   [SERV]   (./etat/etat.c:33)  >> arrive fn msg_etat ap test: 9
[10:50:59] [DEBUG]   [SERV]   (./etat/etat.c:36)  >> arrive fn msg_etat av vrai: 9
[10:50:59] [DEBUG]   [SERV]   (./etat/etat.c:47)  >> Message etat connu : 9
[10:50:59] [DEBUG]   [SERV]   (./etat/etat.c:52) ETAT 9 message : ETA LVR ALI1768374937
[10:50:59] [DEBUG]   [SERV]   (./etat/etat.c:55) ETAT 9 message : ETA LVR ALI1768374937 envoyé
[10:50:59] [INFO]    [SERV]   (./etat/etat.c:56) ETAT 9 message : ETA LVR ALI1768374937 envoyé
[10:50:59] [DEBUG]   [SERV]   (./main.c:444) Envoi msg etat FIN
[10:51:05] [DEBUG]   [SERV]   (./main.c:110) apres le accept
[10:51:05] [DEBUG]   [SERV]   (./main.c:111) <<avant le fork
[10:51:05] [DEBUG]   [SERV]   (./main.c:113) <<apres le fork
[10:51:05] [DEBUG]   [SERV]   (./main.c:197)  <<Parent pid enfant : 7537
[10:51:05] [DEBUG]   [SERV]   (./main.c:199)  <<Parent connexion ferme
[10:51:05] [DEBUG]   [SERV]   (./main.c:107) avant le accept
[10:51:05] [DEBUG]   [SERV]   (./main.c:113) <<apres le fork
[10:51:05] [DEBUG]   [SERV]   (./main.c:117)  >>Dans l'enfant pid : 7537
[10:51:05] [INFO]    [SERV]   (./main.c:119) Connexion a la BDD...
[10:51:05] [INFO]    [SERV]   (./main.c:383) Connecté a la BDD
[10:51:05] [INFO]    [SERV]   (./main.c:384) SET search_path...
[10:51:05] [INFO]    [SERV]   (./main.c:389) SET search_path success
[10:51:05] [INFO]    [SERV]   (./main.c:394) Base de données actuelle : postgres
[10:51:05] [INFO]    [SERV]   (./main.c:400) Schéma courant (search_path) : sae3_delivraptor
[10:51:05] [INFO]    [SERV]   (./main.c:123) Connexion accepté
[10:51:05] [INFO]    [CLIENT] (./main.c:141) [127.0.0.1:52952] Client connecté au service avec succès
[10:51:05] [DEBUG]   [SERV]   (./main.c:150) Taille lecture 16
[10:51:05] [DEBUG]   [SERV]   (./main.c:152) Buffer value : CONN mewen 1234

[10:51:05] [DEBUG]   [CLIENT] (./main.c:155) [127.0.0.1:52952] line : CONN mewen 1234
[10:51:05] [INFO]    [CLIENT] (./main.c:160) [127.0.0.1:52952] Requete 
[10:51:05] [DEBUG]   [CLIENT] (./main.c:338) [127.0.0.1:52952] usr : mewen mdp : 1234
[10:51:05] [INFO]    [CLIENT] (./main.c:355) [127.0.0.1:52952] Authentification réussie
[10:51:05] [DEBUG]   [SERV]   (./main.c:150) Taille lecture 5
[10:51:05] [DEBUG]   [SERV]   (./main.c:152) Buffer value : NEXT

[10:51:05] [DEBUG]   [CLIENT] (./main.c:155) [127.0.0.1:52952] line : NEXT
[10:51:05] [INFO]    [CLIENT] (./main.c:160) [127.0.0.1:52952] Requete CONN
[10:51:05] [INFO]    [CLIENT] (./main.c:147) [127.0.0.1:52952] Client déconnecté
[10:51:09] [DEBUG]   [SERV]   (./main.c:150) Taille lecture 76
[10:51:09] [DEBUG]   [SERV]   (./main.c:152) Buffer value : ADD 15223 alizon |1 rue branly| 22300 parveau korentin |5 rue bidule| 29130

[10:51:09] [DEBUG]   [CLIENT] (./main.c:155) [127.0.0.1:52948] line : ADD 15223 alizon |1 rue branly| 22300 parveau korentin |5 rue bidule| 29130
[10:51:09] [INFO]    [CLIENT] (./main.c:160) [127.0.0.1:52948] Requete CONN
[10:51:09] [INFO]    [CLIENT] (./main.c:228) [127.0.0.1:52948] Informaions récupérées avec succès
[10:51:09] [INFO]    [SERV]   (./main.c:253) La commande existe deja
[10:51:09] [INFO]    [SERV]   (./main.c:256) Renvoi du bordereau
[10:51:09] [INFO]    [CLIENT] (./main.c:302) [127.0.0.1:52948] BORD ALI1768245916 com15223
[10:51:09] [DEBUG]   [SERV]   (./main.c:150) Taille lecture 18
[10:51:09] [DEBUG]   [SERV]   (./main.c:152) Buffer value : ETA ALI1768245916

[10:51:09] [DEBUG]   [CLIENT] (./main.c:155) [127.0.0.1:52948] line : ETA ALI1768245916
[10:51:09] [INFO]    [CLIENT] (./main.c:160) [127.0.0.1:52948] Requete CONN
[10:51:09] [INFO]    [CLIENT] (./main.c:418) [127.0.0.1:52948] numéro de suivie récupéré
[10:51:09] [INFO]    [SERV]   (./main.c:433) Récuperation de l'etat
[10:51:09] [DEBUG]   [SERV]   (./main.c:436) Etat commande char : 9
[10:51:09] [DEBUG]   [SERV]   (./main.c:437) Etat commande int : 9
[10:51:09] [DEBUG]   [SERV]   (./main.c:442) Envoi msg etat
[10:51:09] [DEBUG]   [SERV]   (./etat/etat.c:27)  >> arrive fn msg_etat av test: 9
[10:51:09] [DEBUG]   [SERV]   (./etat/etat.c:31)  >> CONNU test: 9
[10:51:09] [DEBUG]   [SERV]   (./etat/etat.c:33)  >> arrive fn msg_etat ap test: 9
[10:51:09] [DEBUG]   [SERV]   (./etat/etat.c:36)  >> arrive fn msg_etat av vrai: 9
[10:51:09] [DEBUG]   [SERV]   (./etat/etat.c:47)  >> Message etat connu : 9
[10:51:09] [DEBUG]   [SERV]   (./etat/etat.c:52) ETAT 9 message : ETA LVR ALI1768245916
[10:51:09] [DEBUG]   [SERV]   (./etat/etat.c:55) ETAT 9 message : ETA LVR ALI1768245916 envoyé
[10:51:09] [INFO]    [SERV]   (./etat/etat.c:56) ETAT 9 message : ETA LVR ALI1768245916 envoyé
[10:51:09] [DEBUG]   [SERV]   (./main.c:444) Envoi msg etat FIN
[10:51:09] [DEBUG]   [SERV]   (./main.c:150) Taille lecture 18
[10:51:09] [DEBUG]   [SERV]   (./main.c:152) Buffer value : ETA ALI1768374937

[10:51:09] [DEBUG]   [CLIENT] (./main.c:155) [127.0.0.1:52948] line : ETA ALI1768374937
[10:51:09] [INFO]    [CLIENT] (./main.c:160) [127.0.0.1:52948] Requete CONN
[10:51:09] [INFO]    [CLIENT] (./main.c:418) [127.0.0.1:52948] numéro de suivie récupéré
[10:51:09] [INFO]    [SERV]   (./main.c:433) Récuperation de l'etat
[10:51:09] [DEBUG]   [SERV]   (./main.c:436) Etat commande char : 9
[10:51:09] [DEBUG]   [SERV]   (./main.c:437) Etat commande int : 9
[10:51:09] [DEBUG]   [SERV]   (./main.c:442) Envoi msg etat
[10:51:09] [DEBUG]   [SERV]   (./etat/etat.c:27)  >> arrive fn msg_etat av test: 9
[10:51:09] [DEBUG]   [SERV]   (./etat/etat.c:31)  >> CONNU test: 9
[10:51:09] [DEBUG]   [SERV]   (./etat/etat.c:33)  >> arrive fn msg_etat ap test: 9
[10:51:09] [DEBUG]   [SERV]   (./etat/etat.c:36)  >> arrive fn msg_etat av vrai: 9
[10:51:09] [DEBUG]   [SERV]   (./etat/etat.c:47)  >> Message etat connu : 9
[10:51:09] [DEBUG]   [SERV]   (./etat/etat.c:52) ETAT 9 message : ETA LVR ALI1768374937
[10:51:09] [DEBUG]   [SERV]   (./etat/etat.c:55) ETAT 9 message : ETA LVR ALI1768374937 envoyé
[10:51:09] [INFO]    [SERV]   (./etat/etat.c:56) ETAT 9 message : ETA LVR ALI1768374937 envoyé
[10:51:09] [DEBUG]   [SERV]   (./main.c:444) Envoi msg etat FIN
[10:51:12] [DEBUG]   [SERV]   (./main.c:110) apres le accept
[10:51:12] [DEBUG]   [SERV]   (./main.c:111) <<avant le fork
[10:51:12] [DEBUG]   [SERV]   (./main.c:113) <<apres le fork
[10:51:12] [DEBUG]   [SERV]   (./main.c:197)  <<Parent pid enfant : 7539
[10:51:12] [DEBUG]   [SERV]   (./main.c:199)  <<Parent connexion ferme
[10:51:12] [DEBUG]   [SERV]   (./main.c:107) avant le accept
[10:51:12] [DEBUG]   [SERV]   (./main.c:113) <<apres le fork
[10:51:12] [DEBUG]   [SERV]   (./main.c:117)  >>Dans l'enfant pid : 7539
[10:51:12] [INFO]    [SERV]   (./main.c:119) Connexion a la BDD...
[10:51:12] [INFO]    [SERV]   (./main.c:383) Connecté a la BDD
[10:51:12] [INFO]    [SERV]   (./main.c:384) SET search_path...
[10:51:12] [INFO]    [SERV]   (./main.c:389) SET search_path success
[10:51:12] [INFO]    [SERV]   (./main.c:394) Base de données actuelle : postgres
[10:51:12] [INFO]    [SERV]   (./main.c:400) Schéma courant (search_path) : sae3_delivraptor
[10:51:12] [INFO]    [SERV]   (./main.c:123) Connexion accepté
[10:51:12] [INFO]    [CLIENT] (./main.c:141) [127.0.0.1:36610] Client connecté au service avec succès
[10:51:12] [DEBUG]   [SERV]   (./main.c:150) Taille lecture 16
[10:51:12] [DEBUG]   [SERV]   (./main.c:152) Buffer value : CONN mewen 1234

[10:51:12] [DEBUG]   [CLIENT] (./main.c:155) [127.0.0.1:36610] line : CONN mewen 1234
[10:51:12] [INFO]    [CLIENT] (./main.c:160) [127.0.0.1:36610] Requete 
[10:51:12] [DEBUG]   [CLIENT] (./main.c:338) [127.0.0.1:36610] usr : mewen mdp : 1234
[10:51:12] [INFO]    [CLIENT] (./main.c:355) [127.0.0.1:36610] Authentification réussie
[10:51:12] [DEBUG]   [SERV]   (./main.c:150) Taille lecture 5
[10:51:12] [DEBUG]   [SERV]   (./main.c:152) Buffer value : NEXT

[10:51:12] [DEBUG]   [CLIENT] (./main.c:155) [127.0.0.1:36610] line : NEXT
[10:51:12] [INFO]    [CLIENT] (./main.c:160) [127.0.0.1:36610] Requete CONN
[10:51:12] [INFO]    [CLIENT] (./main.c:147) [127.0.0.1:36610] Client déconnecté
[10:51:19] [DEBUG]   [SERV]   (./main.c:150) Taille lecture 18
[10:51:19] [DEBUG]   [SERV]   (./main.c:152) Buffer value : ETA ALI1245369547

[10:51:19] [DEBUG]   [CLIENT] (./main.c:155) [127.0.0.1:52948] line : ETA ALI1245369547
[10:51:19] [INFO]    [CLIENT] (./main.c:160) [127.0.0.1:52948] Requete CONN
[10:51:19] [INFO]    [CLIENT] (./main.c:418) [127.0.0.1:52948] numéro de suivie récupéré
[10:51:19] [INFO]    [CLIENT] (./main.c:439) [127.0.0.1:52948] Id_suivi ALI1245369547 n'existe pas
[10:51:19] [DEBUG]   [SERV]   (./main.c:442) Envoi msg etat
[10:51:19] [DEBUG]   [SERV]   (./etat/etat.c:27)  >> arrive fn msg_etat av test: 0
[10:51:19] [DEBUG]   [SERV]   (./etat/etat.c:29)  >> INCONNU test: 0
[10:51:19] [DEBUG]   [SERV]   (./etat/etat.c:33)  >> arrive fn msg_etat ap test: 0
[10:51:19] [DEBUG]   [SERV]   (./etat/etat.c:36)  >> arrive fn msg_etat av vrai: 0
[10:51:19] [DEBUG]   [SERV]   (./etat/etat.c:42)  >> Message etat inconnu : 0
[10:51:19] [DEBUG]   [SERV]   (./etat/etat.c:52) ETAT 0 message : ETA ERR INCO ALI1245369547
[10:51:19] [DEBUG]   [SERV]   (./etat/etat.c:55) ETAT 0 message : ETA ERR INCO ALI1245369547 envoyé
[10:51:19] [INFO]    [SERV]   (./etat/etat.c:56) ETAT 0 message : ETA ERR INCO ALI1245369547 envoyé
[10:51:19] [DEBUG]   [SERV]   (./main.c:444) Envoi msg etat FIN
[10:51:19] [DEBUG]   [SERV]   (./main.c:110) apres le accept
[10:51:19] [DEBUG]   [SERV]   (./main.c:111) <<avant le fork
[10:51:19] [DEBUG]   [SERV]   (./main.c:113) <<apres le fork
[10:51:19] [DEBUG]   [SERV]   (./main.c:197)  <<Parent pid enfant : 7543
[10:51:19] [DEBUG]   [SERV]   (./main.c:199)  <<Parent connexion ferme
[10:51:19] [DEBUG]   [SERV]   (./main.c:107) avant le accept
[10:51:19] [DEBUG]   [SERV]   (./main.c:113) <<apres le fork
[10:51:19] [DEBUG]   [SERV]   (./main.c:117)  >>Dans l'enfant pid : 7543
[10:51:19] [INFO]    [SERV]   (./main.c:119) Connexion a la BDD...
[10:51:19] [INFO]    [SERV]   (./main.c:383) Connecté a la BDD
[10:51:19] [INFO]    [SERV]   (./main.c:384) SET search_path...
[10:51:19] [INFO]    [SERV]   (./main.c:389) SET search_path success
[10:51:19] [INFO]    [SERV]   (./main.c:394) Base de données actuelle : postgres
[10:51:19] [INFO]    [SERV]   (./main.c:400) Schéma courant (search_path) : sae3_delivraptor
[10:51:19] [INFO]    [SERV]   (./main.c:123) Connexion accepté
[10:51:19] [INFO]    [CLIENT] (./main.c:141) [127.0.0.1:55452] Client connecté au service avec succès
[10:51:19] [DEBUG]   [SERV]   (./main.c:150) Taille lecture 16
[10:51:19] [DEBUG]   [SERV]   (./main.c:152) Buffer value : CONN mewen 1234

[10:51:19] [DEBUG]   [CLIENT] (./main.c:155) [127.0.0.1:55452] line : CONN mewen 1234
[10:51:19] [INFO]    [CLIENT] (./main.c:160) [127.0.0.1:55452] Requete 
[10:51:19] [DEBUG]   [CLIENT] (./main.c:338) [127.0.0.1:55452] usr : mewen mdp : 1234
[10:51:19] [INFO]    [CLIENT] (./main.c:355) [127.0.0.1:55452] Authentification réussie
[10:51:19] [DEBUG]   [SERV]   (./main.c:150) Taille lecture 5
[10:51:19] [DEBUG]   [SERV]   (./main.c:152) Buffer value : NEXT

[10:51:19] [DEBUG]   [CLIENT] (./main.c:155) [127.0.0.1:55452] line : NEXT
[10:51:19] [INFO]    [CLIENT] (./main.c:160) [127.0.0.1:55452] Requete CONN
[10:51:19] [INFO]    [CLIENT] (./main.c:147) [127.0.0.1:55452] Client déconnecté
[10:51:39] [DEBUG]   [SERV]   (./main.c:150) Taille lecture 81
[10:51:39] [DEBUG]   [SERV]   (./main.c:152) Buffer value : ADD a1215m4454 alizon |1 rue branly| 22300 parveau korentin |5 rue bidule| 29130

[10:51:39] [DEBUG]   [CLIENT] (./main.c:155) [127.0.0.1:52948] line : ADD a1215m4454 alizon |1 rue branly| 22300 parveau korentin |5 rue bidule| 29130
[10:51:39] [INFO]    [CLIENT] (./main.c:160) [127.0.0.1:52948] Requete CONN
[10:51:39] [INFO]    [CLIENT] (./main.c:228) [127.0.0.1:52948] Informaions récupérées avec succès
[10:51:39] [INFO]    [SERV]   (./main.c:253) La commande existe deja
[10:51:39] [INFO]    [SERV]   (./main.c:256) Renvoi du bordereau
[10:51:39] [INFO]    [CLIENT] (./main.c:302) [127.0.0.1:52948] BORD ALI1768230723 coma1215m4454
[10:51:39] [DEBUG]   [SERV]   (./main.c:150) Taille lecture 18
[10:51:39] [DEBUG]   [SERV]   (./main.c:152) Buffer value : ETA ALI1768230723

[10:51:39] [DEBUG]   [CLIENT] (./main.c:155) [127.0.0.1:52948] line : ETA ALI1768230723
[10:51:39] [INFO]    [CLIENT] (./main.c:160) [127.0.0.1:52948] Requete CONN
[10:51:39] [INFO]    [CLIENT] (./main.c:418) [127.0.0.1:52948] numéro de suivie récupéré
[10:51:39] [INFO]    [SERV]   (./main.c:433) Récuperation de l'etat
[10:51:39] [DEBUG]   [SERV]   (./main.c:436) Etat commande char : 9
[10:51:39] [DEBUG]   [SERV]   (./main.c:437) Etat commande int : 9
[10:51:39] [DEBUG]   [SERV]   (./main.c:442) Envoi msg etat
[10:51:39] [DEBUG]   [SERV]   (./etat/etat.c:27)  >> arrive fn msg_etat av test: 9
[10:51:39] [DEBUG]   [SERV]   (./etat/etat.c:31)  >> CONNU test: 9
[10:51:39] [DEBUG]   [SERV]   (./etat/etat.c:33)  >> arrive fn msg_etat ap test: 9
[10:51:39] [DEBUG]   [SERV]   (./etat/etat.c:36)  >> arrive fn msg_etat av vrai: 9
[10:51:39] [DEBUG]   [SERV]   (./etat/etat.c:47)  >> Message etat connu : 9
[10:51:39] [DEBUG]   [SERV]   (./etat/etat.c:52) ETAT 9 message : ETA LVR ALI1768230723
[10:51:39] [DEBUG]   [SERV]   (./etat/etat.c:55) ETAT 9 message : ETA LVR ALI1768230723 envoyé
[10:51:39] [INFO]    [SERV]   (./etat/etat.c:56) ETAT 9 message : ETA LVR ALI1768230723 envoyé
[10:51:39] [DEBUG]   [SERV]   (./main.c:444) Envoi msg etat FIN
[10:51:39] [DEBUG]   [SERV]   (./main.c:150) Taille lecture 18
[10:51:39] [DEBUG]   [SERV]   (./main.c:152) Buffer value : ETA ALI1768245916

[10:51:39] [DEBUG]   [CLIENT] (./main.c:155) [127.0.0.1:52948] line : ETA ALI1768245916
[10:51:39] [INFO]    [CLIENT] (./main.c:160) [127.0.0.1:52948] Requete CONN
[10:51:39] [INFO]    [CLIENT] (./main.c:418) [127.0.0.1:52948] numéro de suivie récupéré
[10:51:39] [INFO]    [SERV]   (./main.c:433) Récuperation de l'etat
[10:51:39] [DEBUG]   [SERV]   (./main.c:436) Etat commande char : 9
[10:51:39] [DEBUG]   [SERV]   (./main.c:437) Etat commande int : 9
[10:51:39] [DEBUG]   [SERV]   (./main.c:442) Envoi msg etat
[10:51:39] [DEBUG]   [SERV]   (./etat/etat.c:27)  >> arrive fn msg_etat av test: 9
[10:51:39] [DEBUG]   [SERV]   (./etat/etat.c:31)  >> CONNU test: 9
[10:51:39] [DEBUG]   [SERV]   (./etat/etat.c:33)  >> arrive fn msg_etat ap test: 9
[10:51:39] [DEBUG]   [SERV]   (./etat/etat.c:36)  >> arrive fn msg_etat av vrai: 9
[10:51:39] [DEBUG]   [SERV]   (./etat/etat.c:47)  >> Message etat connu : 9
[10:51:39] [DEBUG]   [SERV]   (./etat/etat.c:52) ETAT 9 message : ETA LVR ALI1768245916
[10:51:39] [DEBUG]   [SERV]   (./etat/etat.c:55) ETAT 9 message : ETA LVR ALI1768245916 envoyé
[10:51:39] [INFO]    [SERV]   (./etat/etat.c:56) ETAT 9 message : ETA LVR ALI1768245916 envoyé
[10:51:39] [DEBUG]   [SERV]   (./main.c:444) Envoi msg etat FIN
[10:51:39] [DEBUG]   [SERV]   (./main.c:150) Taille lecture 18
[10:51:39] [DEBUG]   [SERV]   (./main.c:152) Buffer value : ETA ALI1768374937

[10:51:39] [DEBUG]   [CLIENT] (./main.c:155) [127.0.0.1:52948] line : ETA ALI1768374937
[10:51:39] [INFO]    [CLIENT] (./main.c:160) [127.0.0.1:52948] Requete CONN
[10:51:39] [INFO]    [CLIENT] (./main.c:418) [127.0.0.1:52948] numéro de suivie récupéré
[10:51:39] [INFO]    [SERV]   (./main.c:433) Récuperation de l'etat
[10:51:39] [DEBUG]   [SERV]   (./main.c:436) Etat commande char : 9
[10:51:39] [DEBUG]   [SERV]   (./main.c:437) Etat commande int : 9
[10:51:39] [DEBUG]   [SERV]   (./main.c:442) Envoi msg etat
[10:51:39] [DEBUG]   [SERV]   (./etat/etat.c:27)  >> arrive fn msg_etat av test: 9
[10:51:39] [DEBUG]   [SERV]   (./etat/etat.c:31)  >> CONNU test: 9
[10:51:39] [DEBUG]   [SERV]   (./etat/etat.c:33)  >> arrive fn msg_etat ap test: 9
[10:51:39] [DEBUG]   [SERV]   (./etat/etat.c:36)  >> arrive fn msg_etat av vrai: 9
[10:51:39] [DEBUG]   [SERV]   (./etat/etat.c:47)  >> Message etat connu : 9
[10:51:39] [DEBUG]   [SERV]   (./etat/etat.c:52) ETAT 9 message : ETA LVR ALI1768374937
[10:51:39] [DEBUG]   [SERV]   (./etat/etat.c:55) ETAT 9 message : ETA LVR ALI1768374937 envoyé
[10:51:39] [INFO]    [SERV]   (./etat/etat.c:56) ETAT 9 message : ETA LVR ALI1768374937 envoyé
[10:51:39] [DEBUG]   [SERV]   (./main.c:444) Envoi msg etat FIN
[10:51:39] [DEBUG]   [SERV]   (./main.c:150) Taille lecture 19
[10:51:39] [DEBUG]   [SERV]   (./main.c:152) Buffer value : ETAT ALI1245369547

[10:51:39] [DEBUG]   [CLIENT] (./main.c:155) [127.0.0.1:52948] line : ETAT ALI1245369547
[10:51:39] [INFO]    [CLIENT] (./main.c:160) [127.0.0.1:52948] Requete CONN
[10:51:39] [WARN]    [CLIENT] (./main.c:181) [127.0.0.1:52948] Commande non reconnu : CONN
[10:51:39] [INFO]    [CLIENT] (./main.c:147) [127.0.0.1:52948] Client déconnecté
[10:51:57] [INFO]    [SERV]   (./main.c:70) **Démarrage du service Delivraptor**
[10:51:57] [INFO]    [SERV]   (./main.c:81) Socket configuré
[10:51:57] [INFO]    [SERV]   (./main.c:96) Adresse ip et port configurées
[10:51:57] [INFO]    [SERV]   (./main.c:101) Socket en écoute
[10:51:57] [DEBUG]   [SERV]   (./main.c:108) avant le accept
[10:52:00] [DEBUG]   [SERV]   (./main.c:111) apres le accept
[10:52:00] [DEBUG]   [SERV]   (./main.c:112) <<avant le fork
[10:52:00] [DEBUG]   [SERV]   (./main.c:114) <<apres le fork
[10:52:00] [DEBUG]   [SERV]   (./main.c:197)  <<Parent pid enfant : 7586
[10:52:00] [DEBUG]   [SERV]   (./main.c:199)  <<Parent connexion ferme
[10:52:00] [DEBUG]   [SERV]   (./main.c:108) avant le accept
[10:52:00] [DEBUG]   [SERV]   (./main.c:114) <<apres le fork
[10:52:00] [DEBUG]   [SERV]   (./main.c:118)  >>Dans l'enfant pid : 7586
[10:52:00] [INFO]    [SERV]   (./main.c:120) Connexion a la BDD...
[10:52:00] [INFO]    [SERV]   (./main.c:383) Connecté a la BDD
[10:52:00] [INFO]    [SERV]   (./main.c:384) SET search_path...
[10:52:00] [INFO]    [SERV]   (./main.c:389) SET search_path success
[10:52:00] [INFO]    [SERV]   (./main.c:394) Base de données actuelle : postgres
[10:52:00] [INFO]    [SERV]   (./main.c:400) Schéma courant (search_path) : sae3_delivraptor
[10:52:00] [INFO]    [SERV]   (./main.c:124) Connexion accepté
[10:52:00] [INFO]    [CLIENT] (./main.c:142) [127.0.0.1:45152] Client connecté au service avec succès
[10:52:00] [DEBUG]   [CLIENT] (./main.c:155) [127.0.0.1:45152] line : CONN mewen 1234
[10:52:00] [INFO]    [CLIENT] (./main.c:160) [127.0.0.1:45152] Requete 
[10:52:00] [DEBUG]   [CLIENT] (./main.c:338) [127.0.0.1:45152] usr : mewen mdp : 1234
[10:52:00] [INFO]    [CLIENT] (./main.c:355) [127.0.0.1:45152] Authentification réussie
[10:52:00] [DEBUG]   [CLIENT] (./main.c:155) [127.0.0.1:45152] line : NEXT
[10:52:00] [INFO]    [CLIENT] (./main.c:160) [127.0.0.1:45152] Requete CONN
[10:52:00] [INFO]    [CLIENT] (./main.c:148) [127.0.0.1:45152] Client déconnecté
[10:52:00] [DEBUG]   [SERV]   (./main.c:111) apres le accept
[10:52:00] [DEBUG]   [SERV]   (./main.c:112) <<avant le fork
[10:52:00] [DEBUG]   [SERV]   (./main.c:114) <<apres le fork
[10:52:00] [DEBUG]   [SERV]   (./main.c:197)  <<Parent pid enfant : 7589
[10:52:00] [DEBUG]   [SERV]   (./main.c:199)  <<Parent connexion ferme
[10:52:00] [DEBUG]   [SERV]   (./main.c:108) avant le accept
[10:52:00] [DEBUG]   [SERV]   (./main.c:114) <<apres le fork
[10:52:00] [DEBUG]   [SERV]   (./main.c:118)  >>Dans l'enfant pid : 7589
[10:52:00] [INFO]    [SERV]   (./main.c:120) Connexion a la BDD...
[10:52:00] [INFO]    [SERV]   (./main.c:383) Connecté a la BDD
[10:52:00] [INFO]    [SERV]   (./main.c:384) SET search_path...
[10:52:00] [INFO]    [SERV]   (./main.c:389) SET search_path success
[10:52:00] [INFO]    [SERV]   (./main.c:394) Base de données actuelle : postgres
[10:52:00] [INFO]    [SERV]   (./main.c:400) Schéma courant (search_path) : sae3_delivraptor
[10:52:00] [INFO]    [SERV]   (./main.c:124) Connexion accepté
[10:52:00] [INFO]    [CLIENT] (./main.c:142) [127.0.0.1:45154] Client connecté au service avec succès
[10:52:00] [DEBUG]   [CLIENT] (./main.c:155) [127.0.0.1:45154] line : CONN mewen 1234
[10:52:00] [INFO]    [CLIENT] (./main.c:160) [127.0.0.1:45154] Requete 
[10:52:00] [DEBUG]   [CLIENT] (./main.c:338) [127.0.0.1:45154] usr : mewen mdp : 1234
[10:52:00] [INFO]    [CLIENT] (./main.c:355) [127.0.0.1:45154] Authentification réussie
[10:52:00] [DEBUG]   [CLIENT] (./main.c:155) [127.0.0.1:45154] line : ADD 144254 alizon |1 rue branly| 22300 roussel mewen |3 rue machin| 22450
[10:52:00] [INFO]    [CLIENT] (./main.c:160) [127.0.0.1:45154] Requete CONN
[10:52:00] [INFO]    [CLIENT] (./main.c:228) [127.0.0.1:45154] Informaions récupérées avec succès
[10:52:00] [INFO]    [SERV]   (./main.c:253) La commande existe deja
[10:52:00] [INFO]    [SERV]   (./main.c:256) Renvoi du bordereau
[10:52:00] [INFO]    [CLIENT] (./main.c:302) [127.0.0.1:45154] BORD ALI1768374937 com144254
[10:52:00] [DEBUG]   [CLIENT] (./main.c:155) [127.0.0.1:45154] line : ETA ALI1768374937
[10:52:00] [INFO]    [CLIENT] (./main.c:160) [127.0.0.1:45154] Requete CONN
[10:52:00] [INFO]    [CLIENT] (./main.c:418) [127.0.0.1:45154] numéro de suivie récupéré
[10:52:00] [INFO]    [SERV]   (./main.c:433) Récuperation de l'etat
[10:52:00] [DEBUG]   [SERV]   (./main.c:436) Etat commande char : 9
[10:52:00] [DEBUG]   [SERV]   (./main.c:437) Etat commande int : 9
[10:52:00] [DEBUG]   [SERV]   (./main.c:442) Envoi msg etat
[10:52:00] [DEBUG]   [SERV]   (./etat/etat.c:27)  >> arrive fn msg_etat av test: 9
[10:52:00] [DEBUG]   [SERV]   (./etat/etat.c:31)  >> CONNU test: 9
[10:52:00] [DEBUG]   [SERV]   (./etat/etat.c:33)  >> arrive fn msg_etat ap test: 9
[10:52:00] [DEBUG]   [SERV]   (./etat/etat.c:36)  >> arrive fn msg_etat av vrai: 9
[10:52:00] [DEBUG]   [SERV]   (./etat/etat.c:47)  >> Message etat connu : 9
[10:52:00] [DEBUG]   [SERV]   (./etat/etat.c:52) ETAT 9 message : ETA LVR ALI1768374937
[10:52:00] [DEBUG]   [SERV]   (./etat/etat.c:55) ETAT 9 message : ETA LVR ALI1768374937 envoyé
[10:52:00] [INFO]    [SERV]   (./etat/etat.c:56) ETAT 9 message : ETA LVR ALI1768374937 envoyé
[10:52:00] [DEBUG]   [SERV]   (./main.c:444) Envoi msg etat FIN
[10:52:07] [DEBUG]   [SERV]   (./main.c:111) apres le accept
[10:52:07] [DEBUG]   [SERV]   (./main.c:112) <<avant le fork
[10:52:07] [DEBUG]   [SERV]   (./main.c:114) <<apres le fork
[10:52:07] [DEBUG]   [SERV]   (./main.c:197)  <<Parent pid enfant : 7592
[10:52:07] [DEBUG]   [SERV]   (./main.c:199)  <<Parent connexion ferme
[10:52:07] [DEBUG]   [SERV]   (./main.c:108) avant le accept
[10:52:07] [DEBUG]   [SERV]   (./main.c:114) <<apres le fork
[10:52:07] [DEBUG]   [SERV]   (./main.c:118)  >>Dans l'enfant pid : 7592
[10:52:07] [INFO]    [SERV]   (./main.c:120) Connexion a la BDD...
[10:52:07] [INFO]    [SERV]   (./main.c:383) Connecté a la BDD
[10:52:07] [INFO]    [SERV]   (./main.c:384) SET search_path...
[10:52:07] [INFO]    [SERV]   (./main.c:389) SET search_path success
[10:52:07] [INFO]    [SERV]   (./main.c:394) Base de données actuelle : postgres
[10:52:07] [INFO]    [SERV]   (./main.c:400) Schéma courant (search_path) : sae3_delivraptor
[10:52:07] [INFO]    [SERV]   (./main.c:124) Connexion accepté
[10:52:07] [INFO]    [CLIENT] (./main.c:142) [127.0.0.1:45170] Client connecté au service avec succès
[10:52:07] [DEBUG]   [CLIENT] (./main.c:155) [127.0.0.1:45170] line : CONN mewen 1234
[10:52:07] [INFO]    [CLIENT] (./main.c:160) [127.0.0.1:45170] Requete 
[10:52:07] [DEBUG]   [CLIENT] (./main.c:338) [127.0.0.1:45170] usr : mewen mdp : 1234
[10:52:07] [INFO]    [CLIENT] (./main.c:355) [127.0.0.1:45170] Authentification réussie
[10:52:07] [DEBUG]   [CLIENT] (./main.c:155) [127.0.0.1:45170] line : NEXT
[10:52:07] [INFO]    [CLIENT] (./main.c:160) [127.0.0.1:45170] Requete CONN
[10:52:07] [INFO]    [CLIENT] (./main.c:148) [127.0.0.1:45170] Client déconnecté
[10:52:10] [DEBUG]   [CLIENT] (./main.c:155) [127.0.0.1:45154] line : ADD 15223 alizon |1 rue branly| 22300 parveau korentin |5 rue bidule| 29130
[10:52:10] [INFO]    [CLIENT] (./main.c:160) [127.0.0.1:45154] Requete CONN
[10:52:10] [INFO]    [CLIENT] (./main.c:228) [127.0.0.1:45154] Informaions récupérées avec succès
[10:52:10] [INFO]    [SERV]   (./main.c:253) La commande existe deja
[10:52:10] [INFO]    [SERV]   (./main.c:256) Renvoi du bordereau
[10:52:10] [INFO]    [CLIENT] (./main.c:302) [127.0.0.1:45154] BORD ALI1768245916 com15223
[10:52:10] [DEBUG]   [CLIENT] (./main.c:155) [127.0.0.1:45154] line : ETA ALI1768245916
[10:52:10] [INFO]    [CLIENT] (./main.c:160) [127.0.0.1:45154] Requete CONN
[10:52:10] [INFO]    [CLIENT] (./main.c:418) [127.0.0.1:45154] numéro de suivie récupéré
[10:52:10] [INFO]    [SERV]   (./main.c:433) Récuperation de l'etat
[10:52:10] [DEBUG]   [SERV]   (./main.c:436) Etat commande char : 9
[10:52:10] [DEBUG]   [SERV]   (./main.c:437) Etat commande int : 9
[10:52:10] [DEBUG]   [SERV]   (./main.c:442) Envoi msg etat
[10:52:10] [DEBUG]   [SERV]   (./etat/etat.c:27)  >> arrive fn msg_etat av test: 9
[10:52:10] [DEBUG]   [SERV]   (./etat/etat.c:31)  >> CONNU test: 9
[10:52:10] [DEBUG]   [SERV]   (./etat/etat.c:33)  >> arrive fn msg_etat ap test: 9
[10:52:10] [DEBUG]   [SERV]   (./etat/etat.c:36)  >> arrive fn msg_etat av vrai: 9
[10:52:10] [DEBUG]   [SERV]   (./etat/etat.c:47)  >> Message etat connu : 9
[10:52:10] [DEBUG]   [SERV]   (./etat/etat.c:52) ETAT 9 message : ETA LVR ALI1768245916
[10:52:10] [DEBUG]   [SERV]   (./etat/etat.c:55) ETAT 9 message : ETA LVR ALI1768245916 envoyé
[10:52:10] [INFO]    [SERV]   (./etat/etat.c:56) ETAT 9 message : ETA LVR ALI1768245916 envoyé
[10:52:10] [DEBUG]   [SERV]   (./main.c:444) Envoi msg etat FIN
[10:52:10] [DEBUG]   [CLIENT] (./main.c:155) [127.0.0.1:45154] line : ETA ALI1768374937
[10:52:10] [INFO]    [CLIENT] (./main.c:160) [127.0.0.1:45154] Requete CONN
[10:52:10] [INFO]    [CLIENT] (./main.c:418) [127.0.0.1:45154] numéro de suivie récupéré
[10:52:10] [INFO]    [SERV]   (./main.c:433) Récuperation de l'etat
[10:52:10] [DEBUG]   [SERV]   (./main.c:436) Etat commande char : 9
[10:52:10] [DEBUG]   [SERV]   (./main.c:437) Etat commande int : 9
[10:52:10] [DEBUG]   [SERV]   (./main.c:442) Envoi msg etat
[10:52:10] [DEBUG]   [SERV]   (./etat/etat.c:27)  >> arrive fn msg_etat av test: 9
[10:52:10] [DEBUG]   [SERV]   (./etat/etat.c:31)  >> CONNU test: 9
[10:52:10] [DEBUG]   [SERV]   (./etat/etat.c:33)  >> arrive fn msg_etat ap test: 9
[10:52:10] [DEBUG]   [SERV]   (./etat/etat.c:36)  >> arrive fn msg_etat av vrai: 9
[10:52:10] [DEBUG]   [SERV]   (./etat/etat.c:47)  >> Message etat connu : 9
[10:52:10] [DEBUG]   [SERV]   (./etat/etat.c:52) ETAT 9 message : ETA LVR ALI1768374937
[10:52:10] [DEBUG]   [SERV]   (./etat/etat.c:55) ETAT 9 message : ETA LVR ALI1768374937 envoyé
[10:52:10] [INFO]    [SERV]   (./etat/etat.c:56) ETAT 9 message : ETA LVR ALI1768374937 envoyé
[10:52:10] [DEBUG]   [SERV]   (./main.c:444) Envoi msg etat FIN
[10:52:14] [DEBUG]   [SERV]   (./main.c:111) apres le accept
[10:52:14] [DEBUG]   [SERV]   (./main.c:112) <<avant le fork
[10:52:14] [DEBUG]   [SERV]   (./main.c:114) <<apres le fork
[10:52:14] [DEBUG]   [SERV]   (./main.c:197)  <<Parent pid enfant : 7603
[10:52:14] [DEBUG]   [SERV]   (./main.c:199)  <<Parent connexion ferme
[10:52:14] [DEBUG]   [SERV]   (./main.c:108) avant le accept
[10:52:14] [DEBUG]   [SERV]   (./main.c:114) <<apres le fork
[10:52:14] [DEBUG]   [SERV]   (./main.c:118)  >>Dans l'enfant pid : 7603
[10:52:14] [INFO]    [SERV]   (./main.c:120) Connexion a la BDD...
[10:52:14] [INFO]    [SERV]   (./main.c:383) Connecté a la BDD
[10:52:14] [INFO]    [SERV]   (./main.c:384) SET search_path...
[10:52:14] [INFO]    [SERV]   (./main.c:389) SET search_path success
[10:52:14] [INFO]    [SERV]   (./main.c:394) Base de données actuelle : postgres
[10:52:14] [INFO]    [SERV]   (./main.c:400) Schéma courant (search_path) : sae3_delivraptor
[10:52:14] [INFO]    [SERV]   (./main.c:124) Connexion accepté
[10:52:14] [INFO]    [CLIENT] (./main.c:142) [127.0.0.1:50946] Client connecté au service avec succès
[10:52:14] [DEBUG]   [CLIENT] (./main.c:155) [127.0.0.1:50946] line : CONN mewen 1234
[10:52:14] [INFO]    [CLIENT] (./main.c:160) [127.0.0.1:50946] Requete 
[10:52:14] [DEBUG]   [CLIENT] (./main.c:338) [127.0.0.1:50946] usr : mewen mdp : 1234
[10:52:14] [INFO]    [CLIENT] (./main.c:355) [127.0.0.1:50946] Authentification réussie
[10:52:14] [DEBUG]   [CLIENT] (./main.c:155) [127.0.0.1:50946] line : NEXT
[10:52:14] [INFO]    [CLIENT] (./main.c:160) [127.0.0.1:50946] Requete CONN
[10:52:14] [INFO]    [CLIENT] (./main.c:148) [127.0.0.1:50946] Client déconnecté
[10:52:20] [DEBUG]   [CLIENT] (./main.c:155) [127.0.0.1:45154] line : ETA ALI1245369547
[10:52:20] [INFO]    [CLIENT] (./main.c:160) [127.0.0.1:45154] Requete CONN
[10:52:20] [INFO]    [CLIENT] (./main.c:418) [127.0.0.1:45154] numéro de suivie récupéré
[10:52:20] [INFO]    [CLIENT] (./main.c:439) [127.0.0.1:45154] Id_suivi ALI1245369547 n'existe pas
[10:52:20] [DEBUG]   [SERV]   (./main.c:442) Envoi msg etat
[10:52:20] [DEBUG]   [SERV]   (./etat/etat.c:27)  >> arrive fn msg_etat av test: 0
[10:52:20] [DEBUG]   [SERV]   (./etat/etat.c:29)  >> INCONNU test: 0
[10:52:20] [DEBUG]   [SERV]   (./etat/etat.c:33)  >> arrive fn msg_etat ap test: 0
[10:52:20] [DEBUG]   [SERV]   (./etat/etat.c:36)  >> arrive fn msg_etat av vrai: 0
[10:52:20] [DEBUG]   [SERV]   (./etat/etat.c:42)  >> Message etat inconnu : 0
[10:52:20] [DEBUG]   [SERV]   (./etat/etat.c:52) ETAT 0 message : ETA ERR INCO ALI1245369547
[10:52:20] [DEBUG]   [SERV]   (./etat/etat.c:55) ETAT 0 message : ETA ERR INCO ALI1245369547 envoyé
[10:52:20] [INFO]    [SERV]   (./etat/etat.c:56) ETAT 0 message : ETA ERR INCO ALI1245369547 envoyé
[10:52:20] [DEBUG]   [SERV]   (./main.c:444) Envoi msg etat FIN
[10:52:21] [DEBUG]   [SERV]   (./main.c:111) apres le accept
[10:52:21] [DEBUG]   [SERV]   (./main.c:112) <<avant le fork
[10:52:21] [DEBUG]   [SERV]   (./main.c:114) <<apres le fork
[10:52:21] [DEBUG]   [SERV]   (./main.c:197)  <<Parent pid enfant : 7617
[10:52:21] [DEBUG]   [SERV]   (./main.c:199)  <<Parent connexion ferme
[10:52:21] [DEBUG]   [SERV]   (./main.c:108) avant le accept
[10:52:21] [DEBUG]   [SERV]   (./main.c:114) <<apres le fork
[10:52:21] [DEBUG]   [SERV]   (./main.c:118)  >>Dans l'enfant pid : 7617
[10:52:21] [INFO]    [SERV]   (./main.c:120) Connexion a la BDD...
[10:52:21] [INFO]    [SERV]   (./main.c:383) Connecté a la BDD
[10:52:21] [INFO]    [SERV]   (./main.c:384) SET search_path...
[10:52:21] [INFO]    [SERV]   (./main.c:389) SET search_path success
[10:52:21] [INFO]    [SERV]   (./main.c:394) Base de données actuelle : postgres
[10:52:21] [INFO]    [SERV]   (./main.c:400) Schéma courant (search_path) : sae3_delivraptor
[10:52:21] [INFO]    [SERV]   (./main.c:124) Connexion accepté
[10:52:21] [INFO]    [CLIENT] (./main.c:142) [127.0.0.1:39302] Client connecté au service avec succès
[10:52:21] [DEBUG]   [CLIENT] (./main.c:155) [127.0.0.1:39302] line : CONN mewen 1234
[10:52:21] [INFO]    [CLIENT] (./main.c:160) [127.0.0.1:39302] Requete 
[10:52:21] [DEBUG]   [CLIENT] (./main.c:338) [127.0.0.1:39302] usr : mewen mdp : 1234
[10:52:21] [INFO]    [CLIENT] (./main.c:355) [127.0.0.1:39302] Authentification réussie
[10:52:21] [DEBUG]   [CLIENT] (./main.c:155) [127.0.0.1:39302] line : NEXT
[10:52:21] [INFO]    [CLIENT] (./main.c:160) [127.0.0.1:39302] Requete CONN
[10:52:21] [INFO]    [CLIENT] (./main.c:148) [127.0.0.1:39302] Client déconnecté
[10:52:40] [DEBUG]   [CLIENT] (./main.c:155) [127.0.0.1:45154] line : ADD a1215m4454 alizon |1 rue branly| 22300 parveau korentin |5 rue bidule| 29130
[10:52:40] [INFO]    [CLIENT] (./main.c:160) [127.0.0.1:45154] Requete CONN
[10:52:40] [INFO]    [CLIENT] (./main.c:228) [127.0.0.1:45154] Informaions récupérées avec succès
[10:52:40] [INFO]    [SERV]   (./main.c:253) La commande existe deja
[10:52:40] [INFO]    [SERV]   (./main.c:256) Renvoi du bordereau
[10:52:40] [INFO]    [CLIENT] (./main.c:302) [127.0.0.1:45154] BORD ALI1768230723 coma1215m4454
[10:52:40] [DEBUG]   [CLIENT] (./main.c:155) [127.0.0.1:45154] line : ETA ALI1768230723
[10:52:40] [INFO]    [CLIENT] (./main.c:160) [127.0.0.1:45154] Requete CONN
[10:52:40] [INFO]    [CLIENT] (./main.c:418) [127.0.0.1:45154] numéro de suivie récupéré
[10:52:40] [INFO]    [SERV]   (./main.c:433) Récuperation de l'etat
[10:52:40] [DEBUG]   [SERV]   (./main.c:436) Etat commande char : 9
[10:52:40] [DEBUG]   [SERV]   (./main.c:437) Etat commande int : 9
[10:52:40] [DEBUG]   [SERV]   (./main.c:442) Envoi msg etat
[10:52:40] [DEBUG]   [SERV]   (./etat/etat.c:27)  >> arrive fn msg_etat av test: 9
[10:52:40] [DEBUG]   [SERV]   (./etat/etat.c:31)  >> CONNU test: 9
[10:52:40] [DEBUG]   [SERV]   (./etat/etat.c:33)  >> arrive fn msg_etat ap test: 9
[10:52:40] [DEBUG]   [SERV]   (./etat/etat.c:36)  >> arrive fn msg_etat av vrai: 9
[10:52:40] [DEBUG]   [SERV]   (./etat/etat.c:47)  >> Message etat connu : 9
[10:52:40] [DEBUG]   [SERV]   (./etat/etat.c:52) ETAT 9 message : ETA LVR ALI1768230723
[10:52:40] [DEBUG]   [SERV]   (./etat/etat.c:55) ETAT 9 message : ETA LVR ALI1768230723 envoyé
[10:52:40] [INFO]    [SERV]   (./etat/etat.c:56) ETAT 9 message : ETA LVR ALI1768230723 envoyé
[10:52:40] [DEBUG]   [SERV]   (./main.c:444) Envoi msg etat FIN
[10:52:40] [DEBUG]   [CLIENT] (./main.c:155) [127.0.0.1:45154] line : ETA ALI1768245916
[10:52:40] [INFO]    [CLIENT] (./main.c:160) [127.0.0.1:45154] Requete CONN
[10:52:40] [INFO]    [CLIENT] (./main.c:418) [127.0.0.1:45154] numéro de suivie récupéré
[10:52:40] [INFO]    [SERV]   (./main.c:433) Récuperation de l'etat
[10:52:40] [DEBUG]   [SERV]   (./main.c:436) Etat commande char : 9
[10:52:40] [DEBUG]   [SERV]   (./main.c:437) Etat commande int : 9
[10:52:40] [DEBUG]   [SERV]   (./main.c:442) Envoi msg etat
[10:52:40] [DEBUG]   [SERV]   (./etat/etat.c:27)  >> arrive fn msg_etat av test: 9
[10:52:40] [DEBUG]   [SERV]   (./etat/etat.c:31)  >> CONNU test: 9
[10:52:40] [DEBUG]   [SERV]   (./etat/etat.c:33)  >> arrive fn msg_etat ap test: 9
[10:52:40] [DEBUG]   [SERV]   (./etat/etat.c:36)  >> arrive fn msg_etat av vrai: 9
[10:52:40] [DEBUG]   [SERV]   (./etat/etat.c:47)  >> Message etat connu : 9
[10:52:40] [DEBUG]   [SERV]   (./etat/etat.c:52) ETAT 9 message : ETA LVR ALI1768245916
[10:52:40] [DEBUG]   [SERV]   (./etat/etat.c:55) ETAT 9 message : ETA LVR ALI1768245916 envoyé
[10:52:40] [INFO]    [SERV]   (./etat/etat.c:56) ETAT 9 message : ETA LVR ALI1768245916 envoyé
[10:52:40] [DEBUG]   [SERV]   (./main.c:444) Envoi msg etat FIN
[10:52:40] [DEBUG]   [CLIENT] (./main.c:155) [127.0.0.1:45154] line : ETA ALI1768374937
[10:52:40] [INFO]    [CLIENT] (./main.c:160) [127.0.0.1:45154] Requete CONN
[10:52:40] [INFO]    [CLIENT] (./main.c:418) [127.0.0.1:45154] numéro de suivie récupéré
[10:52:40] [INFO]    [SERV]   (./main.c:433) Récuperation de l'etat
[10:52:40] [DEBUG]   [SERV]   (./main.c:436) Etat commande char : 9
[10:52:40] [DEBUG]   [SERV]   (./main.c:437) Etat commande int : 9
[10:52:40] [DEBUG]   [SERV]   (./main.c:442) Envoi msg etat
[10:52:40] [DEBUG]   [SERV]   (./etat/etat.c:27)  >> arrive fn msg_etat av test: 9
[10:52:40] [DEBUG]   [SERV]   (./etat/etat.c:31)  >> CONNU test: 9
[10:52:40] [DEBUG]   [SERV]   (./etat/etat.c:33)  >> arrive fn msg_etat ap test: 9
[10:52:40] [DEBUG]   [SERV]   (./etat/etat.c:36)  >> arrive fn msg_etat av vrai: 9
[10:52:40] [DEBUG]   [SERV]   (./etat/etat.c:47)  >> Message etat connu : 9
[10:52:40] [DEBUG]   [SERV]   (./etat/etat.c:52) ETAT 9 message : ETA LVR ALI1768374937
[10:52:40] [DEBUG]   [SERV]   (./etat/etat.c:55) ETAT 9 message : ETA LVR ALI1768374937 envoyé
[10:52:40] [INFO]    [SERV]   (./etat/etat.c:56) ETAT 9 message : ETA LVR ALI1768374937 envoyé
[10:52:40] [DEBUG]   [SERV]   (./main.c:444) Envoi msg etat FIN
[10:52:40] [DEBUG]   [CLIENT] (./main.c:155) [127.0.0.1:45154] line : ETAT ALI1245369547
[10:52:40] [INFO]    [CLIENT] (./main.c:160) [127.0.0.1:45154] Requete CONN
[10:52:40] [WARN]    [CLIENT] (./main.c:181) [127.0.0.1:45154] Commande non reconnu : CONN
[10:52:40] [INFO]    [CLIENT] (./main.c:148) [127.0.0.1:45154] Client déconnecté
[11:17:29] [INFO]    [SERV]   (./main.c:70) **Démarrage du service Delivraptor**
[11:17:29] [INFO]    [SERV]   (./main.c:81) Socket configuré
[11:17:29] [INFO]    [SERV]   (./main.c:96) Adresse ip et port configurées
[11:17:29] [INFO]    [SERV]   (./main.c:101) Socket en écoute
[11:17:29] [DEBUG]   [SERV]   (./main.c:108) avant le accept
[11:17:35] [DEBUG]   [SERV]   (./main.c:111) apres le accept
[11:17:35] [DEBUG]   [SERV]   (./main.c:112) <<avant le fork
[11:17:35] [DEBUG]   [SERV]   (./main.c:114) <<apres le fork
[11:17:35] [DEBUG]   [SERV]   (./main.c:197)  <<Parent pid enfant : 8834
[11:17:35] [DEBUG]   [SERV]   (./main.c:199)  <<Parent connexion ferme
[11:17:35] [DEBUG]   [SERV]   (./main.c:108) avant le accept
[11:17:35] [DEBUG]   [SERV]   (./main.c:114) <<apres le fork
[11:17:35] [DEBUG]   [SERV]   (./main.c:118)  >>Dans l'enfant pid : 8834
[11:17:35] [INFO]    [SERV]   (./main.c:120) Connexion a la BDD...
[11:17:35] [INFO]    [SERV]   (./main.c:391) Connecté a la BDD
[11:17:35] [INFO]    [SERV]   (./main.c:392) SET search_path...
[11:17:35] [INFO]    [SERV]   (./main.c:397) SET search_path success
[11:17:35] [INFO]    [SERV]   (./main.c:402) Base de données actuelle : postgres
[11:17:35] [INFO]    [SERV]   (./main.c:408) Schéma courant (search_path) : sae3_delivraptor
[11:17:35] [INFO]    [SERV]   (./main.c:124) Connexion accepté
[11:17:35] [INFO]    [CLIENT] (./main.c:142) [127.0.0.1:33728] Client connecté au service avec succès
[11:17:35] [DEBUG]   [CLIENT] (./main.c:156) [127.0.0.1:33728] line : CONN mewen 1234
[11:17:35] [INFO]    [CLIENT] (./main.c:160) [127.0.0.1:33728] Requete 
[11:17:35] [DEBUG]   [CLIENT] (./main.c:346) [127.0.0.1:33728] usr : mewen mdp : 1234
[11:17:35] [INFO]    [CLIENT] (./main.c:363) [127.0.0.1:33728] Authentification réussie
[11:17:35] [DEBUG]   [CLIENT] (./main.c:156) [127.0.0.1:33728] line : NEXT
[11:17:35] [INFO]    [CLIENT] (./main.c:160) [127.0.0.1:33728] Requete CONN
[11:17:35] [INFO]    [CLIENT] (./main.c:148) [127.0.0.1:33728] Client déconnecté
[11:17:36] [DEBUG]   [SERV]   (./main.c:111) apres le accept
[11:17:36] [DEBUG]   [SERV]   (./main.c:112) <<avant le fork
[11:17:36] [DEBUG]   [SERV]   (./main.c:114) <<apres le fork
[11:17:36] [DEBUG]   [SERV]   (./main.c:197)  <<Parent pid enfant : 8850
[11:17:36] [DEBUG]   [SERV]   (./main.c:199)  <<Parent connexion ferme
[11:17:36] [DEBUG]   [SERV]   (./main.c:108) avant le accept
[11:17:36] [DEBUG]   [SERV]   (./main.c:114) <<apres le fork
[11:17:36] [DEBUG]   [SERV]   (./main.c:118)  >>Dans l'enfant pid : 8850
[11:17:36] [INFO]    [SERV]   (./main.c:120) Connexion a la BDD...
[11:17:36] [INFO]    [SERV]   (./main.c:391) Connecté a la BDD
[11:17:36] [INFO]    [SERV]   (./main.c:392) SET search_path...
[11:17:36] [INFO]    [SERV]   (./main.c:397) SET search_path success
[11:17:36] [INFO]    [SERV]   (./main.c:402) Base de données actuelle : postgres
[11:17:36] [INFO]    [SERV]   (./main.c:408) Schéma courant (search_path) : sae3_delivraptor
[11:17:36] [INFO]    [SERV]   (./main.c:124) Connexion accepté
[11:17:36] [INFO]    [CLIENT] (./main.c:142) [127.0.0.1:33738] Client connecté au service avec succès
[11:17:36] [DEBUG]   [CLIENT] (./main.c:156) [127.0.0.1:33738] line : CONN mewen 1234
[11:17:36] [INFO]    [CLIENT] (./main.c:160) [127.0.0.1:33738] Requete 
[11:17:36] [DEBUG]   [CLIENT] (./main.c:346) [127.0.0.1:33738] usr : mewen mdp : 1234
[11:17:36] [INFO]    [CLIENT] (./main.c:363) [127.0.0.1:33738] Authentification réussie
[11:17:36] [DEBUG]   [CLIENT] (./main.c:156) [127.0.0.1:33738] line : ADD 144254 alizon |1 rue branly| 22300 roussel mewen |3 rue machin| 22450
[11:17:36] [INFO]    [CLIENT] (./main.c:160) [127.0.0.1:33738] Requete CONN
[11:17:36] [INFO]    [CLIENT] (./main.c:228) [127.0.0.1:33738] Informaions récupérées avec succès
[11:17:36] [INFO]    [SERV]   (./main.c:253) La commande existe deja
[11:17:36] [INFO]    [SERV]   (./main.c:256) Renvoi du bordereau
[11:17:36] [INFO]    [CLIENT] (./main.c:310) [127.0.0.1:33738] BORD ALI1768374937 com144254
[11:17:36] [DEBUG]   [CLIENT] (./main.c:156) [127.0.0.1:33738] line : ETA ALI1768374937
[11:17:36] [INFO]    [CLIENT] (./main.c:160) [127.0.0.1:33738] Requete CONN
[11:17:36] [INFO]    [CLIENT] (./main.c:425) [127.0.0.1:33738] numéro de suivie récupéré
[11:17:36] [INFO]    [SERV]   (./main.c:440) Récuperation de l'etat
[11:17:36] [DEBUG]   [SERV]   (./main.c:443) Etat commande char : 9
[11:17:36] [DEBUG]   [SERV]   (./main.c:444) Etat commande int : 9
[11:17:36] [DEBUG]   [SERV]   (./main.c:449) Envoi msg etat
[11:17:36] [DEBUG]   [SERV]   (./etat/etat.c:27)  >> arrive fn msg_etat av test: 9
[11:17:36] [DEBUG]   [SERV]   (./etat/etat.c:31)  >> CONNU test: 9
[11:17:36] [DEBUG]   [SERV]   (./etat/etat.c:33)  >> arrive fn msg_etat ap test: 9
[11:17:36] [DEBUG]   [SERV]   (./etat/etat.c:36)  >> arrive fn msg_etat av vrai: 9
[11:17:36] [DEBUG]   [SERV]   (./etat/etat.c:47)  >> Message etat connu : 9
[11:17:36] [DEBUG]   [SERV]   (./etat/etat.c:52) ETAT 9 message : ETA LVR ALI1768374937
[11:17:36] [DEBUG]   [SERV]   (./etat/etat.c:55) ETAT 9 message : ETA LVR ALI1768374937 envoyé
[11:17:36] [INFO]    [SERV]   (./etat/etat.c:56) ETAT 9 message : ETA LVR ALI1768374937 envoyé
[11:17:36] [DEBUG]   [SERV]   (./main.c:451) Envoi msg etat FIN
[11:17:42] [DEBUG]   [SERV]   (./main.c:111) apres le accept
[11:17:42] [DEBUG]   [SERV]   (./main.c:112) <<avant le fork
[11:17:42] [DEBUG]   [SERV]   (./main.c:114) <<apres le fork
[11:17:42] [DEBUG]   [SERV]   (./main.c:197)  <<Parent pid enfant : 8855
[11:17:42] [DEBUG]   [SERV]   (./main.c:199)  <<Parent connexion ferme
[11:17:42] [DEBUG]   [SERV]   (./main.c:108) avant le accept
[11:17:42] [DEBUG]   [SERV]   (./main.c:114) <<apres le fork
[11:17:42] [DEBUG]   [SERV]   (./main.c:118)  >>Dans l'enfant pid : 8855
[11:17:42] [INFO]    [SERV]   (./main.c:120) Connexion a la BDD...
[11:17:42] [INFO]    [SERV]   (./main.c:391) Connecté a la BDD
[11:17:42] [INFO]    [SERV]   (./main.c:392) SET search_path...
[11:17:42] [INFO]    [SERV]   (./main.c:397) SET search_path success
[11:17:42] [INFO]    [SERV]   (./main.c:402) Base de données actuelle : postgres
[11:17:42] [INFO]    [SERV]   (./main.c:408) Schéma courant (search_path) : sae3_delivraptor
[11:17:42] [INFO]    [SERV]   (./main.c:124) Connexion accepté
[11:17:42] [INFO]    [CLIENT] (./main.c:142) [127.0.0.1:37916] Client connecté au service avec succès
[11:17:42] [DEBUG]   [CLIENT] (./main.c:156) [127.0.0.1:37916] line : CONN mewen 1234
[11:17:42] [INFO]    [CLIENT] (./main.c:160) [127.0.0.1:37916] Requete 
[11:17:42] [DEBUG]   [CLIENT] (./main.c:346) [127.0.0.1:37916] usr : mewen mdp : 1234
[11:17:42] [INFO]    [CLIENT] (./main.c:363) [127.0.0.1:37916] Authentification réussie
[11:17:42] [DEBUG]   [CLIENT] (./main.c:156) [127.0.0.1:37916] line : NEXT
[11:17:42] [INFO]    [CLIENT] (./main.c:160) [127.0.0.1:37916] Requete CONN
[11:17:42] [INFO]    [CLIENT] (./main.c:148) [127.0.0.1:37916] Client déconnecté
[11:17:46] [DEBUG]   [CLIENT] (./main.c:156) [127.0.0.1:33738] line : ADD 15223 alizon |1 rue branly| 22300 parveau korentin |5 rue bidule| 29130
[11:17:46] [INFO]    [CLIENT] (./main.c:160) [127.0.0.1:33738] Requete CONN
[11:17:46] [INFO]    [CLIENT] (./main.c:228) [127.0.0.1:33738] Informaions récupérées avec succès
[11:17:46] [INFO]    [SERV]   (./main.c:253) La commande existe deja
[11:17:46] [INFO]    [SERV]   (./main.c:256) Renvoi du bordereau
[11:17:46] [INFO]    [CLIENT] (./main.c:310) [127.0.0.1:33738] BORD ALI1768245916 com15223
[11:17:46] [DEBUG]   [CLIENT] (./main.c:156) [127.0.0.1:33738] line : ETA ALI1768245916
[11:17:46] [INFO]    [CLIENT] (./main.c:160) [127.0.0.1:33738] Requete CONN
[11:17:46] [INFO]    [CLIENT] (./main.c:425) [127.0.0.1:33738] numéro de suivie récupéré
[11:17:46] [INFO]    [SERV]   (./main.c:440) Récuperation de l'etat
[11:17:46] [DEBUG]   [SERV]   (./main.c:443) Etat commande char : 9
[11:17:46] [DEBUG]   [SERV]   (./main.c:444) Etat commande int : 9
[11:17:46] [DEBUG]   [SERV]   (./main.c:449) Envoi msg etat
[11:17:46] [DEBUG]   [SERV]   (./etat/etat.c:27)  >> arrive fn msg_etat av test: 9
[11:17:46] [DEBUG]   [SERV]   (./etat/etat.c:31)  >> CONNU test: 9
[11:17:46] [DEBUG]   [SERV]   (./etat/etat.c:33)  >> arrive fn msg_etat ap test: 9
[11:17:46] [DEBUG]   [SERV]   (./etat/etat.c:36)  >> arrive fn msg_etat av vrai: 9
[11:17:46] [DEBUG]   [SERV]   (./etat/etat.c:47)  >> Message etat connu : 9
[11:17:46] [DEBUG]   [SERV]   (./etat/etat.c:52) ETAT 9 message : ETA LVR ALI1768245916
[11:17:46] [DEBUG]   [SERV]   (./etat/etat.c:55) ETAT 9 message : ETA LVR ALI1768245916 envoyé
[11:17:46] [INFO]    [SERV]   (./etat/etat.c:56) ETAT 9 message : ETA LVR ALI1768245916 envoyé
[11:17:46] [DEBUG]   [SERV]   (./main.c:451) Envoi msg etat FIN
[11:17:46] [DEBUG]   [CLIENT] (./main.c:156) [127.0.0.1:33738] line : ETA ALI1768374937
[11:17:46] [INFO]    [CLIENT] (./main.c:160) [127.0.0.1:33738] Requete CONN
[11:17:46] [INFO]    [CLIENT] (./main.c:425) [127.0.0.1:33738] numéro de suivie récupéré
[11:17:46] [INFO]    [SERV]   (./main.c:440) Récuperation de l'etat
[11:17:46] [DEBUG]   [SERV]   (./main.c:443) Etat commande char : 9
[11:17:46] [DEBUG]   [SERV]   (./main.c:444) Etat commande int : 9
[11:17:46] [DEBUG]   [SERV]   (./main.c:449) Envoi msg etat
[11:17:46] [DEBUG]   [SERV]   (./etat/etat.c:27)  >> arrive fn msg_etat av test: 9
[11:17:46] [DEBUG]   [SERV]   (./etat/etat.c:31)  >> CONNU test: 9
[11:17:46] [DEBUG]   [SERV]   (./etat/etat.c:33)  >> arrive fn msg_etat ap test: 9
[11:17:46] [DEBUG]   [SERV]   (./etat/etat.c:36)  >> arrive fn msg_etat av vrai: 9
[11:17:46] [DEBUG]   [SERV]   (./etat/etat.c:47)  >> Message etat connu : 9
[11:17:46] [DEBUG]   [SERV]   (./etat/etat.c:52) ETAT 9 message : ETA LVR ALI1768374937
[11:17:46] [DEBUG]   [SERV]   (./etat/etat.c:55) ETAT 9 message : ETA LVR ALI1768374937 envoyé
[11:17:46] [INFO]    [SERV]   (./etat/etat.c:56) ETAT 9 message : ETA LVR ALI1768374937 envoyé
[11:17:46] [DEBUG]   [SERV]   (./main.c:451) Envoi msg etat FIN
[11:17:49] [DEBUG]   [SERV]   (./main.c:111) apres le accept
[11:17:49] [DEBUG]   [SERV]   (./main.c:112) <<avant le fork
[11:17:49] [DEBUG]   [SERV]   (./main.c:114) <<apres le fork
[11:17:49] [DEBUG]   [SERV]   (./main.c:197)  <<Parent pid enfant : 8858
[11:17:49] [DEBUG]   [SERV]   (./main.c:199)  <<Parent connexion ferme
[11:17:49] [DEBUG]   [SERV]   (./main.c:108) avant le accept
[11:17:49] [DEBUG]   [SERV]   (./main.c:114) <<apres le fork
[11:17:49] [DEBUG]   [SERV]   (./main.c:118)  >>Dans l'enfant pid : 8858
[11:17:49] [INFO]    [SERV]   (./main.c:120) Connexion a la BDD...
[11:17:49] [INFO]    [SERV]   (./main.c:391) Connecté a la BDD
[11:17:49] [INFO]    [SERV]   (./main.c:392) SET search_path...
[11:17:49] [INFO]    [SERV]   (./main.c:397) SET search_path success
[11:17:49] [INFO]    [SERV]   (./main.c:402) Base de données actuelle : postgres
[11:17:49] [INFO]    [SERV]   (./main.c:408) Schéma courant (search_path) : sae3_delivraptor
[11:17:49] [INFO]    [SERV]   (./main.c:124) Connexion accepté
[11:17:49] [INFO]    [CLIENT] (./main.c:142) [127.0.0.1:50210] Client connecté au service avec succès
[11:17:49] [DEBUG]   [CLIENT] (./main.c:156) [127.0.0.1:50210] line : CONN mewen 1234
[11:17:49] [INFO]    [CLIENT] (./main.c:160) [127.0.0.1:50210] Requete 
[11:17:49] [DEBUG]   [CLIENT] (./main.c:346) [127.0.0.1:50210] usr : mewen mdp : 1234
[11:17:49] [INFO]    [CLIENT] (./main.c:363) [127.0.0.1:50210] Authentification réussie
[11:17:49] [DEBUG]   [CLIENT] (./main.c:156) [127.0.0.1:50210] line : NEXT
[11:17:49] [INFO]    [CLIENT] (./main.c:160) [127.0.0.1:50210] Requete CONN
[11:17:49] [INFO]    [CLIENT] (./main.c:148) [127.0.0.1:50210] Client déconnecté
[11:17:56] [DEBUG]   [CLIENT] (./main.c:156) [127.0.0.1:33738] line : ETA ALI1245369547
[11:17:56] [INFO]    [CLIENT] (./main.c:160) [127.0.0.1:33738] Requete CONN
[11:17:56] [INFO]    [CLIENT] (./main.c:425) [127.0.0.1:33738] numéro de suivie récupéré
[11:17:56] [INFO]    [CLIENT] (./main.c:446) [127.0.0.1:33738] Id_suivi ALI1245369547 n'existe pas
[11:17:56] [DEBUG]   [SERV]   (./main.c:449) Envoi msg etat
[11:17:56] [DEBUG]   [SERV]   (./etat/etat.c:27)  >> arrive fn msg_etat av test: 0
[11:17:56] [DEBUG]   [SERV]   (./etat/etat.c:29)  >> INCONNU test: 0
[11:17:56] [DEBUG]   [SERV]   (./etat/etat.c:33)  >> arrive fn msg_etat ap test: 0
[11:17:56] [DEBUG]   [SERV]   (./etat/etat.c:36)  >> arrive fn msg_etat av vrai: 0
[11:17:56] [DEBUG]   [SERV]   (./etat/etat.c:42)  >> Message etat inconnu : 0
[11:17:56] [DEBUG]   [SERV]   (./etat/etat.c:52) ETAT 0 message : ETA ERR INCO ALI1245369547
[11:17:56] [DEBUG]   [SERV]   (./etat/etat.c:55) ETAT 0 message : ETA ERR INCO ALI1245369547 envoyé
[11:17:56] [INFO]    [SERV]   (./etat/etat.c:56) ETAT 0 message : ETA ERR INCO ALI1245369547 envoyé
[11:17:56] [DEBUG]   [SERV]   (./main.c:451) Envoi msg etat FIN
[11:17:56] [DEBUG]   [SERV]   (./main.c:111) apres le accept
[11:17:56] [DEBUG]   [SERV]   (./main.c:112) <<avant le fork
[11:17:56] [DEBUG]   [SERV]   (./main.c:114) <<apres le fork
[11:17:56] [DEBUG]   [SERV]   (./main.c:197)  <<Parent pid enfant : 8861
[11:17:56] [DEBUG]   [SERV]   (./main.c:199)  <<Parent connexion ferme
[11:17:56] [DEBUG]   [SERV]   (./main.c:108) avant le accept
[11:17:56] [DEBUG]   [SERV]   (./main.c:114) <<apres le fork
[11:17:56] [DEBUG]   [SERV]   (./main.c:118)  >>Dans l'enfant pid : 8861
[11:17:56] [INFO]    [SERV]   (./main.c:120) Connexion a la BDD...
[11:17:56] [INFO]    [SERV]   (./main.c:391) Connecté a la BDD
[11:17:56] [INFO]    [SERV]   (./main.c:392) SET search_path...
[11:17:56] [INFO]    [SERV]   (./main.c:397) SET search_path success
[11:17:56] [INFO]    [SERV]   (./main.c:402) Base de données actuelle : postgres
[11:17:56] [INFO]    [SERV]   (./main.c:408) Schéma courant (search_path) : sae3_delivraptor
[11:17:56] [INFO]    [SERV]   (./main.c:124) Connexion accepté
[11:17:56] [INFO]    [CLIENT] (./main.c:142) [127.0.0.1:50218] Client connecté au service avec succès
[11:17:56] [DEBUG]   [CLIENT] (./main.c:156) [127.0.0.1:50218] line : CONN mewen 1234
[11:17:56] [INFO]    [CLIENT] (./main.c:160) [127.0.0.1:50218] Requete 
[11:17:56] [DEBUG]   [CLIENT] (./main.c:346) [127.0.0.1:50218] usr : mewen mdp : 1234
[11:17:56] [INFO]    [CLIENT] (./main.c:363) [127.0.0.1:50218] Authentification réussie
[11:17:56] [DEBUG]   [CLIENT] (./main.c:156) [127.0.0.1:50218] line : NEXT
[11:17:56] [INFO]    [CLIENT] (./main.c:160) [127.0.0.1:50218] Requete CONN
[11:17:56] [INFO]    [CLIENT] (./main.c:148) [127.0.0.1:50218] Client déconnecté
[11:18:16] [DEBUG]   [CLIENT] (./main.c:156) [127.0.0.1:33738] line : ADD a1215m4454 alizon |1 rue branly| 22300 parveau korentin |5 rue bidule| 29130
[11:18:16] [INFO]    [CLIENT] (./main.c:160) [127.0.0.1:33738] Requete CONN
[11:18:16] [INFO]    [CLIENT] (./main.c:228) [127.0.0.1:33738] Informaions récupérées avec succès
[11:18:16] [INFO]    [SERV]   (./main.c:253) La commande existe deja
[11:18:16] [INFO]    [SERV]   (./main.c:256) Renvoi du bordereau
[11:18:16] [INFO]    [CLIENT] (./main.c:310) [127.0.0.1:33738] BORD ALI1768230723 coma1215m4454
[11:18:16] [DEBUG]   [CLIENT] (./main.c:156) [127.0.0.1:33738] line : ETA ALI1768230723
[11:18:16] [INFO]    [CLIENT] (./main.c:160) [127.0.0.1:33738] Requete CONN
[11:18:16] [INFO]    [CLIENT] (./main.c:425) [127.0.0.1:33738] numéro de suivie récupéré
[11:18:16] [INFO]    [SERV]   (./main.c:440) Récuperation de l'etat
[11:18:16] [DEBUG]   [SERV]   (./main.c:443) Etat commande char : 9
[11:18:16] [DEBUG]   [SERV]   (./main.c:444) Etat commande int : 9
[11:18:16] [DEBUG]   [SERV]   (./main.c:449) Envoi msg etat
[11:18:16] [DEBUG]   [SERV]   (./etat/etat.c:27)  >> arrive fn msg_etat av test: 9
[11:18:16] [DEBUG]   [SERV]   (./etat/etat.c:31)  >> CONNU test: 9
[11:18:16] [DEBUG]   [SERV]   (./etat/etat.c:33)  >> arrive fn msg_etat ap test: 9
[11:18:16] [DEBUG]   [SERV]   (./etat/etat.c:36)  >> arrive fn msg_etat av vrai: 9
[11:18:16] [DEBUG]   [SERV]   (./etat/etat.c:47)  >> Message etat connu : 9
[11:18:16] [DEBUG]   [SERV]   (./etat/etat.c:52) ETAT 9 message : ETA LVR ALI1768230723
[11:18:16] [DEBUG]   [SERV]   (./etat/etat.c:55) ETAT 9 message : ETA LVR ALI1768230723 envoyé
[11:18:16] [INFO]    [SERV]   (./etat/etat.c:56) ETAT 9 message : ETA LVR ALI1768230723 envoyé
[11:18:16] [DEBUG]   [SERV]   (./main.c:451) Envoi msg etat FIN
[11:18:16] [DEBUG]   [CLIENT] (./main.c:156) [127.0.0.1:33738] line : ETA ALI1768245916
[11:18:16] [INFO]    [CLIENT] (./main.c:160) [127.0.0.1:33738] Requete CONN
[11:18:16] [INFO]    [CLIENT] (./main.c:425) [127.0.0.1:33738] numéro de suivie récupéré
[11:18:16] [INFO]    [SERV]   (./main.c:440) Récuperation de l'etat
[11:18:16] [DEBUG]   [SERV]   (./main.c:443) Etat commande char : 9
[11:18:16] [DEBUG]   [SERV]   (./main.c:444) Etat commande int : 9
[11:18:16] [DEBUG]   [SERV]   (./main.c:449) Envoi msg etat
[11:18:16] [DEBUG]   [SERV]   (./etat/etat.c:27)  >> arrive fn msg_etat av test: 9
[11:18:16] [DEBUG]   [SERV]   (./etat/etat.c:31)  >> CONNU test: 9
[11:18:16] [DEBUG]   [SERV]   (./etat/etat.c:33)  >> arrive fn msg_etat ap test: 9
[11:18:16] [DEBUG]   [SERV]   (./etat/etat.c:36)  >> arrive fn msg_etat av vrai: 9
[11:18:16] [DEBUG]   [SERV]   (./etat/etat.c:47)  >> Message etat connu : 9
[11:18:16] [DEBUG]   [SERV]   (./etat/etat.c:52) ETAT 9 message : ETA LVR ALI1768245916
[11:18:16] [DEBUG]   [SERV]   (./etat/etat.c:55) ETAT 9 message : ETA LVR ALI1768245916 envoyé
[11:18:16] [INFO]    [SERV]   (./etat/etat.c:56) ETAT 9 message : ETA LVR ALI1768245916 envoyé
[11:18:16] [DEBUG]   [SERV]   (./main.c:451) Envoi msg etat FIN
[11:18:16] [DEBUG]   [CLIENT] (./main.c:156) [127.0.0.1:33738] line : ETA ALI1768374937
[11:18:16] [INFO]    [CLIENT] (./main.c:160) [127.0.0.1:33738] Requete CONN
[11:18:16] [INFO]    [CLIENT] (./main.c:425) [127.0.0.1:33738] numéro de suivie récupéré
[11:18:16] [INFO]    [SERV]   (./main.c:440) Récuperation de l'etat
[11:18:16] [DEBUG]   [SERV]   (./main.c:443) Etat commande char : 9
[11:18:16] [DEBUG]   [SERV]   (./main.c:444) Etat commande int : 9
[11:18:16] [DEBUG]   [SERV]   (./main.c:449) Envoi msg etat
[11:18:16] [DEBUG]   [SERV]   (./etat/etat.c:27)  >> arrive fn msg_etat av test: 9
[11:18:16] [DEBUG]   [SERV]   (./etat/etat.c:31)  >> CONNU test: 9
[11:18:16] [DEBUG]   [SERV]   (./etat/etat.c:33)  >> arrive fn msg_etat ap test: 9
[11:18:16] [DEBUG]   [SERV]   (./etat/etat.c:36)  >> arrive fn msg_etat av vrai: 9
[11:18:16] [DEBUG]   [SERV]   (./etat/etat.c:47)  >> Message etat connu : 9
[11:18:16] [DEBUG]   [SERV]   (./etat/etat.c:52) ETAT 9 message : ETA LVR ALI1768374937
[11:18:16] [DEBUG]   [SERV]   (./etat/etat.c:55) ETAT 9 message : ETA LVR ALI1768374937 envoyé
[11:18:16] [INFO]    [SERV]   (./etat/etat.c:56) ETAT 9 message : ETA LVR ALI1768374937 envoyé
[11:18:16] [DEBUG]   [SERV]   (./main.c:451) Envoi msg etat FIN
[11:18:16] [DEBUG]   [CLIENT] (./main.c:156) [127.0.0.1:33738] line : ETAT ALI1245369547
[11:18:16] [INFO]    [CLIENT] (./main.c:160) [127.0.0.1:33738] Requete CONN
[11:18:16] [WARN]    [CLIENT] (./main.c:181) [127.0.0.1:33738] Commande non reconnu : CONN
[11:18:16] [INFO]    [CLIENT] (./main.c:148) [127.0.0.1:33738] Client déconnecté
[11:26:41] [INFO]    [SERV]   (./main.c:70) **Démarrage du service Delivraptor**
[11:26:41] [INFO]    [SERV]   (./main.c:81) Socket configuré
[11:26:41] [INFO]    [SERV]   (./main.c:96) Adresse ip et port configurées
[11:26:41] [INFO]    [SERV]   (./main.c:101) Socket en écoute
[11:26:41] [DEBUG]   [SERV]   (./main.c:108) avant le accept
[11:26:44] [DEBUG]   [SERV]   (./main.c:111) apres le accept
[11:26:44] [DEBUG]   [SERV]   (./main.c:112) <<avant le fork
[11:26:44] [DEBUG]   [SERV]   (./main.c:114) <<apres le fork
[11:26:44] [DEBUG]   [SERV]   (./main.c:197)  <<Parent pid enfant : 9473
[11:26:44] [DEBUG]   [SERV]   (./main.c:199)  <<Parent connexion ferme
[11:26:44] [DEBUG]   [SERV]   (./main.c:108) avant le accept
[11:26:44] [DEBUG]   [SERV]   (./main.c:114) <<apres le fork
[11:26:44] [DEBUG]   [SERV]   (./main.c:118)  >>Dans l'enfant pid : 9473
[11:26:44] [INFO]    [SERV]   (./main.c:120) Connexion a la BDD...
[11:26:44] [INFO]    [SERV]   (./main.c:391) Connecté a la BDD
[11:26:44] [INFO]    [SERV]   (./main.c:392) SET search_path...
[11:26:44] [INFO]    [SERV]   (./main.c:397) SET search_path success
[11:26:44] [INFO]    [SERV]   (./main.c:402) Base de données actuelle : postgres
[11:26:44] [INFO]    [SERV]   (./main.c:408) Schéma courant (search_path) : sae3_delivraptor
[11:26:44] [INFO]    [SERV]   (./main.c:124) Connexion accepté
[11:26:44] [INFO]    [CLIENT] (./main.c:142) [127.0.0.1:50000] Client connecté au service avec succès
[11:26:44] [DEBUG]   [CLIENT] (./main.c:156) [127.0.0.1:50000] line : CONN mewen 1234
[11:26:44] [INFO]    [CLIENT] (./main.c:160) [127.0.0.1:50000] Requete 
[11:26:44] [DEBUG]   [CLIENT] (./main.c:346) [127.0.0.1:50000] usr : mewen mdp : 1234
[11:26:44] [INFO]    [CLIENT] (./main.c:363) [127.0.0.1:50000] Authentification réussie
[11:26:44] [DEBUG]   [CLIENT] (./main.c:156) [127.0.0.1:50000] line : NEXT
[11:26:44] [INFO]    [CLIENT] (./main.c:160) [127.0.0.1:50000] Requete CONN
[11:26:44] [INFO]    [CLIENT] (./main.c:148) [127.0.0.1:50000] Client déconnecté
[11:26:47] [DEBUG]   [SERV]   (./main.c:111) apres le accept
[11:26:47] [DEBUG]   [SERV]   (./main.c:112) <<avant le fork
[11:26:47] [DEBUG]   [SERV]   (./main.c:114) <<apres le fork
[11:26:47] [DEBUG]   [SERV]   (./main.c:197)  <<Parent pid enfant : 9482
[11:26:47] [DEBUG]   [SERV]   (./main.c:199)  <<Parent connexion ferme
[11:26:47] [DEBUG]   [SERV]   (./main.c:108) avant le accept
[11:26:47] [DEBUG]   [SERV]   (./main.c:114) <<apres le fork
[11:26:47] [DEBUG]   [SERV]   (./main.c:118)  >>Dans l'enfant pid : 9482
[11:26:47] [INFO]    [SERV]   (./main.c:120) Connexion a la BDD...
[11:26:47] [INFO]    [SERV]   (./main.c:391) Connecté a la BDD
[11:26:47] [INFO]    [SERV]   (./main.c:392) SET search_path...
[11:26:47] [INFO]    [SERV]   (./main.c:397) SET search_path success
[11:26:47] [INFO]    [SERV]   (./main.c:402) Base de données actuelle : postgres
[11:26:47] [INFO]    [SERV]   (./main.c:408) Schéma courant (search_path) : sae3_delivraptor
[11:26:47] [INFO]    [SERV]   (./main.c:124) Connexion accepté
[11:26:47] [INFO]    [CLIENT] (./main.c:142) [127.0.0.1:50008] Client connecté au service avec succès
[11:26:47] [DEBUG]   [CLIENT] (./main.c:156) [127.0.0.1:50008] line : CONN mewen 1234
[11:26:47] [INFO]    [CLIENT] (./main.c:160) [127.0.0.1:50008] Requete 
[11:26:47] [DEBUG]   [CLIENT] (./main.c:346) [127.0.0.1:50008] usr : mewen mdp : 1234
[11:26:47] [INFO]    [CLIENT] (./main.c:363) [127.0.0.1:50008] Authentification réussie
[11:26:47] [DEBUG]   [CLIENT] (./main.c:156) [127.0.0.1:50008] line : ADD 144254 alizon |1 rue branly| 22300 roussel mewen |3 rue machin| 22450
[11:26:47] [INFO]    [CLIENT] (./main.c:160) [127.0.0.1:50008] Requete CONN
[11:26:47] [INFO]    [CLIENT] (./main.c:228) [127.0.0.1:50008] Informaions récupérées avec succès
[11:26:47] [INFO]    [SERV]   (./main.c:253) La commande existe deja
[11:26:47] [INFO]    [SERV]   (./main.c:256) Renvoi du bordereau
[11:26:47] [INFO]    [CLIENT] (./main.c:310) [127.0.0.1:50008] BORD ALI1768374937 com144254
[11:26:47] [DEBUG]   [CLIENT] (./main.c:156) [127.0.0.1:50008] line : ETA ALI1768374937
[11:26:47] [INFO]    [CLIENT] (./main.c:160) [127.0.0.1:50008] Requete CONN
[11:26:47] [INFO]    [CLIENT] (./main.c:425) [127.0.0.1:50008] numéro de suivie récupéré
[11:26:47] [INFO]    [SERV]   (./main.c:440) Récuperation de l'etat
[11:26:47] [DEBUG]   [SERV]   (./main.c:443) Etat commande char : 9
[11:26:47] [DEBUG]   [SERV]   (./main.c:444) Etat commande int : 9
[11:26:47] [DEBUG]   [SERV]   (./main.c:449) Envoi msg etat
[11:26:47] [DEBUG]   [SERV]   (./etat/etat.c:27)  >> arrive fn msg_etat av test: 9
[11:26:47] [DEBUG]   [SERV]   (./etat/etat.c:31)  >> CONNU test: 9
[11:26:47] [DEBUG]   [SERV]   (./etat/etat.c:33)  >> arrive fn msg_etat ap test: 9
[11:26:47] [DEBUG]   [SERV]   (./etat/etat.c:36)  >> arrive fn msg_etat av vrai: 9
[11:26:47] [DEBUG]   [SERV]   (./etat/etat.c:47)  >> Message etat connu : 9
[11:26:47] [DEBUG]   [SERV]   (./etat/etat.c:52) ETAT 9 message : ETA LVR ALI1768374937
[11:26:47] [DEBUG]   [SERV]   (./etat/etat.c:55) ETAT 9 message : ETA LVR ALI1768374937 envoyé
[11:26:47] [INFO]    [SERV]   (./etat/etat.c:56) ETAT 9 message : ETA LVR ALI1768374937 envoyé
[11:26:47] [DEBUG]   [SERV]   (./main.c:451) Envoi msg etat FIN
[11:26:51] [DEBUG]   [SERV]   (./main.c:111) apres le accept
[11:26:51] [DEBUG]   [SERV]   (./main.c:112) <<avant le fork
[11:26:51] [DEBUG]   [SERV]   (./main.c:114) <<apres le fork
[11:26:51] [DEBUG]   [SERV]   (./main.c:197)  <<Parent pid enfant : 9488
[11:26:51] [DEBUG]   [SERV]   (./main.c:199)  <<Parent connexion ferme
[11:26:51] [DEBUG]   [SERV]   (./main.c:108) avant le accept
[11:26:51] [DEBUG]   [SERV]   (./main.c:114) <<apres le fork
[11:26:51] [DEBUG]   [SERV]   (./main.c:118)  >>Dans l'enfant pid : 9488
[11:26:51] [INFO]    [SERV]   (./main.c:120) Connexion a la BDD...
[11:26:51] [INFO]    [SERV]   (./main.c:391) Connecté a la BDD
[11:26:51] [INFO]    [SERV]   (./main.c:392) SET search_path...
[11:26:51] [INFO]    [SERV]   (./main.c:397) SET search_path success
[11:26:51] [INFO]    [SERV]   (./main.c:402) Base de données actuelle : postgres
[11:26:51] [INFO]    [SERV]   (./main.c:408) Schéma courant (search_path) : sae3_delivraptor
[11:26:51] [INFO]    [SERV]   (./main.c:124) Connexion accepté
[11:26:51] [INFO]    [CLIENT] (./main.c:142) [127.0.0.1:55228] Client connecté au service avec succès
[11:26:51] [DEBUG]   [CLIENT] (./main.c:156) [127.0.0.1:55228] line : CONN mewen 1234
[11:26:51] [INFO]    [CLIENT] (./main.c:160) [127.0.0.1:55228] Requete 
[11:26:51] [DEBUG]   [CLIENT] (./main.c:346) [127.0.0.1:55228] usr : mewen mdp : 1234
[11:26:51] [INFO]    [CLIENT] (./main.c:363) [127.0.0.1:55228] Authentification réussie
[11:26:51] [DEBUG]   [CLIENT] (./main.c:156) [127.0.0.1:55228] line : NEXT
[11:26:51] [INFO]    [CLIENT] (./main.c:160) [127.0.0.1:55228] Requete CONN
[11:26:51] [INFO]    [CLIENT] (./main.c:148) [127.0.0.1:55228] Client déconnecté
[11:26:57] [DEBUG]   [CLIENT] (./main.c:156) [127.0.0.1:50008] line : ADD 15223 alizon |1 rue branly| 22300 parveau korentin |5 rue bidule| 29130
[11:26:57] [INFO]    [CLIENT] (./main.c:160) [127.0.0.1:50008] Requete CONN
[11:26:57] [INFO]    [CLIENT] (./main.c:228) [127.0.0.1:50008] Informaions récupérées avec succès
[11:26:57] [INFO]    [SERV]   (./main.c:253) La commande existe deja
[11:26:57] [INFO]    [SERV]   (./main.c:256) Renvoi du bordereau
[11:26:57] [INFO]    [CLIENT] (./main.c:310) [127.0.0.1:50008] BORD ALI1768245916 com15223
[11:26:57] [DEBUG]   [CLIENT] (./main.c:156) [127.0.0.1:50008] line : ETA ALI1768245916
[11:26:57] [INFO]    [CLIENT] (./main.c:160) [127.0.0.1:50008] Requete CONN
[11:26:57] [INFO]    [CLIENT] (./main.c:425) [127.0.0.1:50008] numéro de suivie récupéré
[11:26:57] [INFO]    [SERV]   (./main.c:440) Récuperation de l'etat
[11:26:57] [DEBUG]   [SERV]   (./main.c:443) Etat commande char : 9
[11:26:57] [DEBUG]   [SERV]   (./main.c:444) Etat commande int : 9
[11:26:57] [DEBUG]   [SERV]   (./main.c:449) Envoi msg etat
[11:26:57] [DEBUG]   [SERV]   (./etat/etat.c:27)  >> arrive fn msg_etat av test: 9
[11:26:57] [DEBUG]   [SERV]   (./etat/etat.c:31)  >> CONNU test: 9
[11:26:57] [DEBUG]   [SERV]   (./etat/etat.c:33)  >> arrive fn msg_etat ap test: 9
[11:26:57] [DEBUG]   [SERV]   (./etat/etat.c:36)  >> arrive fn msg_etat av vrai: 9
[11:26:57] [DEBUG]   [SERV]   (./etat/etat.c:47)  >> Message etat connu : 9
[11:26:57] [DEBUG]   [SERV]   (./etat/etat.c:52) ETAT 9 message : ETA LVR ALI1768245916
[11:26:57] [DEBUG]   [SERV]   (./etat/etat.c:55) ETAT 9 message : ETA LVR ALI1768245916 envoyé
[11:26:57] [INFO]    [SERV]   (./etat/etat.c:56) ETAT 9 message : ETA LVR ALI1768245916 envoyé
[11:26:57] [DEBUG]   [SERV]   (./main.c:451) Envoi msg etat FIN
[11:26:57] [DEBUG]   [CLIENT] (./main.c:156) [127.0.0.1:50008] line : ETA ALI1768374937
[11:26:57] [INFO]    [CLIENT] (./main.c:160) [127.0.0.1:50008] Requete CONN
[11:26:57] [INFO]    [CLIENT] (./main.c:425) [127.0.0.1:50008] numéro de suivie récupéré
[11:26:57] [INFO]    [SERV]   (./main.c:440) Récuperation de l'etat
[11:26:57] [DEBUG]   [SERV]   (./main.c:443) Etat commande char : 9
[11:26:57] [DEBUG]   [SERV]   (./main.c:444) Etat commande int : 9
[11:26:57] [DEBUG]   [SERV]   (./main.c:449) Envoi msg etat
[11:26:57] [DEBUG]   [SERV]   (./etat/etat.c:27)  >> arrive fn msg_etat av test: 9
[11:26:57] [DEBUG]   [SERV]   (./etat/etat.c:31)  >> CONNU test: 9
[11:26:57] [DEBUG]   [SERV]   (./etat/etat.c:33)  >> arrive fn msg_etat ap test: 9
[11:26:57] [DEBUG]   [SERV]   (./etat/etat.c:36)  >> arrive fn msg_etat av vrai: 9
[11:26:57] [DEBUG]   [SERV]   (./etat/etat.c:47)  >> Message etat connu : 9
[11:26:57] [DEBUG]   [SERV]   (./etat/etat.c:52) ETAT 9 message : ETA LVR ALI1768374937
[11:26:57] [DEBUG]   [SERV]   (./etat/etat.c:55) ETAT 9 message : ETA LVR ALI1768374937 envoyé
[11:26:57] [INFO]    [SERV]   (./etat/etat.c:56) ETAT 9 message : ETA LVR ALI1768374937 envoyé
[11:26:57] [DEBUG]   [SERV]   (./main.c:451) Envoi msg etat FIN
[11:26:58] [DEBUG]   [SERV]   (./main.c:111) apres le accept
[11:26:58] [DEBUG]   [SERV]   (./main.c:112) <<avant le fork
[11:26:58] [DEBUG]   [SERV]   (./main.c:114) <<apres le fork
[11:26:58] [DEBUG]   [SERV]   (./main.c:197)  <<Parent pid enfant : 9492
[11:26:58] [DEBUG]   [SERV]   (./main.c:199)  <<Parent connexion ferme
[11:26:58] [DEBUG]   [SERV]   (./main.c:108) avant le accept
[11:26:58] [DEBUG]   [SERV]   (./main.c:114) <<apres le fork
[11:26:58] [DEBUG]   [SERV]   (./main.c:118)  >>Dans l'enfant pid : 9492
[11:26:58] [INFO]    [SERV]   (./main.c:120) Connexion a la BDD...
[11:26:58] [INFO]    [SERV]   (./main.c:391) Connecté a la BDD
[11:26:58] [INFO]    [SERV]   (./main.c:392) SET search_path...
[11:26:58] [INFO]    [SERV]   (./main.c:397) SET search_path success
[11:26:58] [INFO]    [SERV]   (./main.c:402) Base de données actuelle : postgres
[11:26:58] [INFO]    [SERV]   (./main.c:408) Schéma courant (search_path) : sae3_delivraptor
[11:26:58] [INFO]    [SERV]   (./main.c:124) Connexion accepté
[11:26:58] [INFO]    [CLIENT] (./main.c:142) [127.0.0.1:55230] Client connecté au service avec succès
[11:26:58] [DEBUG]   [CLIENT] (./main.c:156) [127.0.0.1:55230] line : CONN mewen 1234
[11:26:58] [INFO]    [CLIENT] (./main.c:160) [127.0.0.1:55230] Requete 
[11:26:58] [DEBUG]   [CLIENT] (./main.c:346) [127.0.0.1:55230] usr : mewen mdp : 1234
[11:26:58] [INFO]    [CLIENT] (./main.c:363) [127.0.0.1:55230] Authentification réussie
[11:26:58] [DEBUG]   [CLIENT] (./main.c:156) [127.0.0.1:55230] line : NEXT
[11:26:58] [INFO]    [CLIENT] (./main.c:160) [127.0.0.1:55230] Requete CONN
[11:26:58] [INFO]    [CLIENT] (./main.c:148) [127.0.0.1:55230] Client déconnecté
[11:27:05] [DEBUG]   [SERV]   (./main.c:111) apres le accept
[11:27:05] [DEBUG]   [SERV]   (./main.c:112) <<avant le fork
[11:27:05] [DEBUG]   [SERV]   (./main.c:114) <<apres le fork
[11:27:05] [DEBUG]   [SERV]   (./main.c:197)  <<Parent pid enfant : 9495
[11:27:05] [DEBUG]   [SERV]   (./main.c:199)  <<Parent connexion ferme
[11:27:05] [DEBUG]   [SERV]   (./main.c:108) avant le accept
[11:27:05] [DEBUG]   [SERV]   (./main.c:114) <<apres le fork
[11:27:05] [DEBUG]   [SERV]   (./main.c:118)  >>Dans l'enfant pid : 9495
[11:27:05] [INFO]    [SERV]   (./main.c:120) Connexion a la BDD...
[11:27:05] [INFO]    [SERV]   (./main.c:391) Connecté a la BDD
[11:27:05] [INFO]    [SERV]   (./main.c:392) SET search_path...
[11:27:05] [INFO]    [SERV]   (./main.c:397) SET search_path success
[11:27:05] [INFO]    [SERV]   (./main.c:402) Base de données actuelle : postgres
[11:27:05] [INFO]    [SERV]   (./main.c:408) Schéma courant (search_path) : sae3_delivraptor
[11:27:05] [INFO]    [SERV]   (./main.c:124) Connexion accepté
[11:27:05] [INFO]    [CLIENT] (./main.c:142) [127.0.0.1:56388] Client connecté au service avec succès
[11:27:05] [DEBUG]   [CLIENT] (./main.c:156) [127.0.0.1:56388] line : CONN mewen 1234
[11:27:05] [INFO]    [CLIENT] (./main.c:160) [127.0.0.1:56388] Requete 
[11:27:05] [DEBUG]   [CLIENT] (./main.c:346) [127.0.0.1:56388] usr : mewen mdp : 1234
[11:27:05] [INFO]    [CLIENT] (./main.c:363) [127.0.0.1:56388] Authentification réussie
[11:27:05] [DEBUG]   [CLIENT] (./main.c:156) [127.0.0.1:56388] line : NEXT
[11:27:05] [INFO]    [CLIENT] (./main.c:160) [127.0.0.1:56388] Requete CONN
[11:27:05] [INFO]    [CLIENT] (./main.c:148) [127.0.0.1:56388] Client déconnecté
[11:27:07] [DEBUG]   [CLIENT] (./main.c:156) [127.0.0.1:50008] line : ETA ALI1245369547
[11:27:07] [INFO]    [CLIENT] (./main.c:160) [127.0.0.1:50008] Requete CONN
[11:27:07] [INFO]    [CLIENT] (./main.c:425) [127.0.0.1:50008] numéro de suivie récupéré
[11:27:07] [INFO]    [CLIENT] (./main.c:446) [127.0.0.1:50008] Id_suivi ALI1245369547 n'existe pas
[11:27:07] [DEBUG]   [SERV]   (./main.c:449) Envoi msg etat
[11:27:07] [DEBUG]   [SERV]   (./etat/etat.c:27)  >> arrive fn msg_etat av test: 0
[11:27:07] [DEBUG]   [SERV]   (./etat/etat.c:29)  >> INCONNU test: 0
[11:27:07] [DEBUG]   [SERV]   (./etat/etat.c:33)  >> arrive fn msg_etat ap test: 0
[11:27:07] [DEBUG]   [SERV]   (./etat/etat.c:36)  >> arrive fn msg_etat av vrai: 0
[11:27:07] [DEBUG]   [SERV]   (./etat/etat.c:42)  >> Message etat inconnu : 0
[11:27:07] [DEBUG]   [SERV]   (./etat/etat.c:52) ETAT 0 message : ETA ERR INCO ALI1245369547
[11:27:07] [DEBUG]   [SERV]   (./etat/etat.c:55) ETAT 0 message : ETA ERR INCO ALI1245369547 envoyé
[11:27:07] [INFO]    [SERV]   (./etat/etat.c:56) ETAT 0 message : ETA ERR INCO ALI1245369547 envoyé
[11:27:07] [DEBUG]   [SERV]   (./main.c:451) Envoi msg etat FIN
[11:27:27] [DEBUG]   [CLIENT] (./main.c:156) [127.0.0.1:50008] line : ADD a1215m4454 alizon |1 rue branly| 22300 parveau korentin |5 rue bidule| 29130
[11:27:27] [INFO]    [CLIENT] (./main.c:160) [127.0.0.1:50008] Requete CONN
[11:27:27] [INFO]    [CLIENT] (./main.c:228) [127.0.0.1:50008] Informaions récupérées avec succès
[11:27:27] [INFO]    [SERV]   (./main.c:253) La commande existe deja
[11:27:27] [INFO]    [SERV]   (./main.c:256) Renvoi du bordereau
[11:27:27] [INFO]    [CLIENT] (./main.c:310) [127.0.0.1:50008] BORD ALI1768230723 coma1215m4454
[11:27:27] [DEBUG]   [CLIENT] (./main.c:156) [127.0.0.1:50008] line : ETA ALI1768230723
[11:27:27] [INFO]    [CLIENT] (./main.c:160) [127.0.0.1:50008] Requete CONN
[11:27:27] [INFO]    [CLIENT] (./main.c:425) [127.0.0.1:50008] numéro de suivie récupéré
[11:27:27] [INFO]    [SERV]   (./main.c:440) Récuperation de l'etat
[11:27:27] [DEBUG]   [SERV]   (./main.c:443) Etat commande char : 9
[11:27:27] [DEBUG]   [SERV]   (./main.c:444) Etat commande int : 9
[11:27:27] [DEBUG]   [SERV]   (./main.c:449) Envoi msg etat
[11:27:27] [DEBUG]   [SERV]   (./etat/etat.c:27)  >> arrive fn msg_etat av test: 9
[11:27:27] [DEBUG]   [SERV]   (./etat/etat.c:31)  >> CONNU test: 9
[11:27:27] [DEBUG]   [SERV]   (./etat/etat.c:33)  >> arrive fn msg_etat ap test: 9
[11:27:27] [DEBUG]   [SERV]   (./etat/etat.c:36)  >> arrive fn msg_etat av vrai: 9
[11:27:27] [DEBUG]   [SERV]   (./etat/etat.c:47)  >> Message etat connu : 9
[11:27:27] [DEBUG]   [SERV]   (./etat/etat.c:52) ETAT 9 message : ETA LVR ALI1768230723
[11:27:27] [DEBUG]   [SERV]   (./etat/etat.c:55) ETAT 9 message : ETA LVR ALI1768230723 envoyé
[11:27:27] [INFO]    [SERV]   (./etat/etat.c:56) ETAT 9 message : ETA LVR ALI1768230723 envoyé
[11:27:27] [DEBUG]   [SERV]   (./main.c:451) Envoi msg etat FIN
[11:27:27] [DEBUG]   [CLIENT] (./main.c:156) [127.0.0.1:50008] line : ETA ALI1768245916
[11:27:27] [INFO]    [CLIENT] (./main.c:160) [127.0.0.1:50008] Requete CONN
[11:27:27] [INFO]    [CLIENT] (./main.c:425) [127.0.0.1:50008] numéro de suivie récupéré
[11:27:27] [INFO]    [SERV]   (./main.c:440) Récuperation de l'etat
[11:27:27] [DEBUG]   [SERV]   (./main.c:443) Etat commande char : 9
[11:27:27] [DEBUG]   [SERV]   (./main.c:444) Etat commande int : 9
[11:27:27] [DEBUG]   [SERV]   (./main.c:449) Envoi msg etat
[11:27:27] [DEBUG]   [SERV]   (./etat/etat.c:27)  >> arrive fn msg_etat av test: 9
[11:27:27] [DEBUG]   [SERV]   (./etat/etat.c:31)  >> CONNU test: 9
[11:27:27] [DEBUG]   [SERV]   (./etat/etat.c:33)  >> arrive fn msg_etat ap test: 9
[11:27:27] [DEBUG]   [SERV]   (./etat/etat.c:36)  >> arrive fn msg_etat av vrai: 9
[11:27:27] [DEBUG]   [SERV]   (./etat/etat.c:47)  >> Message etat connu : 9
[11:27:27] [DEBUG]   [SERV]   (./etat/etat.c:52) ETAT 9 message : ETA LVR ALI1768245916
[11:27:27] [DEBUG]   [SERV]   (./etat/etat.c:55) ETAT 9 message : ETA LVR ALI1768245916 envoyé
[11:27:27] [INFO]    [SERV]   (./etat/etat.c:56) ETAT 9 message : ETA LVR ALI1768245916 envoyé
[11:27:27] [DEBUG]   [SERV]   (./main.c:451) Envoi msg etat FIN
[11:27:27] [DEBUG]   [CLIENT] (./main.c:156) [127.0.0.1:50008] line : ETA ALI1768374937
[11:27:27] [INFO]    [CLIENT] (./main.c:160) [127.0.0.1:50008] Requete CONN
[11:27:27] [INFO]    [CLIENT] (./main.c:425) [127.0.0.1:50008] numéro de suivie récupéré
[11:27:27] [INFO]    [SERV]   (./main.c:440) Récuperation de l'etat
[11:27:27] [DEBUG]   [SERV]   (./main.c:443) Etat commande char : 9
[11:27:27] [DEBUG]   [SERV]   (./main.c:444) Etat commande int : 9
[11:27:27] [DEBUG]   [SERV]   (./main.c:449) Envoi msg etat
[11:27:27] [DEBUG]   [SERV]   (./etat/etat.c:27)  >> arrive fn msg_etat av test: 9
[11:27:27] [DEBUG]   [SERV]   (./etat/etat.c:31)  >> CONNU test: 9
[11:27:27] [DEBUG]   [SERV]   (./etat/etat.c:33)  >> arrive fn msg_etat ap test: 9
[11:27:27] [DEBUG]   [SERV]   (./etat/etat.c:36)  >> arrive fn msg_etat av vrai: 9
[11:27:27] [DEBUG]   [SERV]   (./etat/etat.c:47)  >> Message etat connu : 9
[11:27:27] [DEBUG]   [SERV]   (./etat/etat.c:52) ETAT 9 message : ETA LVR ALI1768374937
[11:27:27] [DEBUG]   [SERV]   (./etat/etat.c:55) ETAT 9 message : ETA LVR ALI1768374937 envoyé
[11:27:27] [INFO]    [SERV]   (./etat/etat.c:56) ETAT 9 message : ETA LVR ALI1768374937 envoyé
[11:27:27] [DEBUG]   [SERV]   (./main.c:451) Envoi msg etat FIN
[11:27:27] [DEBUG]   [CLIENT] (./main.c:156) [127.0.0.1:50008] line : ETAT ALI1245369547
[11:27:27] [INFO]    [CLIENT] (./main.c:160) [127.0.0.1:50008] Requete CONN
[11:27:27] [WARN]    [CLIENT] (./main.c:181) [127.0.0.1:50008] Commande non reconnu : CONN
[11:27:27] [INFO]    [CLIENT] (./main.c:148) [127.0.0.1:50008] Client déconnecté
[15:31:08] [INFO]    [SERV]   (./main.c:70) Démarrage du service Delivraptor
[15:31:08] [INFO]    [SERV]   (./main.c:81) Socket configuré
[15:31:08] [INFO]    [SERV]   (./main.c:96) Adresse ip et port configurées
[15:31:08] [INFO]    [SERV]   (./main.c:101) Socket en écoute
[15:31:11] [INFO]    [SERV]   (./main.c:113) Connexion acceptée (fd=5)
[15:31:11] [DEBUG]   [SERV]   (./main.c:201)  <<Parent pid enfant : 6142
[15:31:11] [DEBUG]   [SERV]   (./main.c:203)  <<Parent connexion ferme
[15:31:11] [INFO]    [SERV]   (./main.c:122) Process enfant démarré (pid=6142) pour fd=5
[15:31:11] [INFO]    [SERV]   (./main.c:124) Connexion à la BDD...
[15:31:11] [INFO]    [SERV]   (./main.c:394) Connecté a la BDD
[15:31:11] [INFO]    [SERV]   (./main.c:395) SET search_path...
[15:31:11] [INFO]    [SERV]   (./main.c:400) SET search_path success
[15:31:11] [INFO]    [SERV]   (./main.c:405) Base de données actuelle : postgres
[15:31:11] [INFO]    [SERV]   (./main.c:411) Schéma courant (search_path) : sae3_delivraptor
[15:31:11] [INFO]    [CLIENT] (./main.c:136) [127.0.0.1:56888] Client connecté
[15:31:11] [INFO]    [CLIENT] (./main.c:158) [127.0.0.1:56888] Requête reçue: CONN
[15:31:11] [INFO]    [CLIENT] (./main.c:366) [127.0.0.1:56888] Authentification réussie
[15:31:11] [INFO]    [CLIENT] (./main.c:165) [127.0.0.1:56888] Authentification OK pour mewen
[15:31:11] [INFO]    [CLIENT] (./main.c:158) [127.0.0.1:56888] Requête reçue: NEXT
[15:31:11] [INFO]    [CLIENT] (./main.c:141) [127.0.0.1:56888] Client déconnecté
[15:31:18] [INFO]    [SERV]   (./main.c:113) Connexion acceptée (fd=5)
[15:31:18] [DEBUG]   [SERV]   (./main.c:201)  <<Parent pid enfant : 6149
[15:31:18] [DEBUG]   [SERV]   (./main.c:203)  <<Parent connexion ferme
[15:31:18] [INFO]    [SERV]   (./main.c:122) Process enfant démarré (pid=6149) pour fd=5
[15:31:18] [INFO]    [SERV]   (./main.c:124) Connexion à la BDD...
[15:31:18] [INFO]    [SERV]   (./main.c:394) Connecté a la BDD
[15:31:18] [INFO]    [SERV]   (./main.c:395) SET search_path...
[15:31:18] [INFO]    [SERV]   (./main.c:400) SET search_path success
[15:31:18] [INFO]    [SERV]   (./main.c:405) Base de données actuelle : postgres
[15:31:18] [INFO]    [SERV]   (./main.c:411) Schéma courant (search_path) : sae3_delivraptor
[15:31:18] [INFO]    [CLIENT] (./main.c:136) [127.0.0.1:46984] Client connecté
[15:31:18] [INFO]    [CLIENT] (./main.c:158) [127.0.0.1:46984] Requête reçue: CONN
[15:31:18] [INFO]    [CLIENT] (./main.c:366) [127.0.0.1:46984] Authentification réussie
[15:31:18] [INFO]    [CLIENT] (./main.c:165) [127.0.0.1:46984] Authentification OK pour mewen
[15:31:18] [INFO]    [CLIENT] (./main.c:158) [127.0.0.1:46984] Requête reçue: NEXT
[15:31:18] [INFO]    [CLIENT] (./main.c:141) [127.0.0.1:46984] Client déconnecté
[15:31:20] [INFO]    [SERV]   (./main.c:113) Connexion acceptée (fd=5)
[15:31:20] [DEBUG]   [SERV]   (./main.c:201)  <<Parent pid enfant : 6155
[15:31:20] [DEBUG]   [SERV]   (./main.c:203)  <<Parent connexion ferme
[15:31:20] [INFO]    [SERV]   (./main.c:122) Process enfant démarré (pid=6155) pour fd=5
[15:31:20] [INFO]    [SERV]   (./main.c:124) Connexion à la BDD...
[15:31:20] [INFO]    [SERV]   (./main.c:394) Connecté a la BDD
[15:31:20] [INFO]    [SERV]   (./main.c:395) SET search_path...
[15:31:20] [INFO]    [SERV]   (./main.c:400) SET search_path success
[15:31:20] [INFO]    [SERV]   (./main.c:405) Base de données actuelle : postgres
[15:31:20] [INFO]    [SERV]   (./main.c:411) Schéma courant (search_path) : sae3_delivraptor
[15:31:20] [INFO]    [CLIENT] (./main.c:136) [127.0.0.1:46998] Client connecté
[15:31:20] [INFO]    [CLIENT] (./main.c:158) [127.0.0.1:46998] Requête reçue: CONN
[15:31:20] [INFO]    [CLIENT] (./main.c:366) [127.0.0.1:46998] Authentification réussie
[15:31:20] [INFO]    [CLIENT] (./main.c:165) [127.0.0.1:46998] Authentification OK pour mewen
[15:31:20] [INFO]    [CLIENT] (./main.c:158) [127.0.0.1:46998] Requête reçue: ADD
[15:31:20] [INFO]    [CLIENT] (./main.c:232) [127.0.0.1:46998] Informaions récupérées avec succès
[15:31:20] [INFO]    [SERV]   (./main.c:257) La commande existe deja
[15:31:20] [INFO]    [SERV]   (./main.c:260) Renvoi du bordereau
[15:31:20] [INFO]    [CLIENT] (./main.c:314) [127.0.0.1:46998] BORD ALI1768374937 com144254
[15:31:20] [INFO]    [CLIENT] (./main.c:158) [127.0.0.1:46998] Requête reçue: ETA
[15:31:20] [INFO]    [CLIENT] (./main.c:428) [127.0.0.1:46998] numéro de suivie récupéré
[15:31:20] [INFO]    [SERV]   (./main.c:443) Récuperation de l'etat
[15:31:20] [DEBUG]   [SERV]   (./main.c:446) Etat commande char : 9
[15:31:20] [DEBUG]   [SERV]   (./main.c:447) Etat commande int : 9
[15:31:20] [DEBUG]   [SERV]   (./main.c:452) Envoi msg etat
[15:31:20] [DEBUG]   [SERV]   (./etat/etat.c:28) msg_etat called: 9
[15:31:20] [INFO]    [SERV]   (./etat/etat.c:38) ETAT 9 envoyé: ETA LVR ALI1768374937
[15:31:20] [DEBUG]   [SERV]   (./main.c:454) Envoi msg etat FIN
[15:31:25] [INFO]    [SERV]   (./main.c:113) Connexion acceptée (fd=5)
[15:31:25] [DEBUG]   [SERV]   (./main.c:201)  <<Parent pid enfant : 6159
[15:31:25] [DEBUG]   [SERV]   (./main.c:203)  <<Parent connexion ferme
[15:31:25] [INFO]    [SERV]   (./main.c:122) Process enfant démarré (pid=6159) pour fd=5
[15:31:25] [INFO]    [SERV]   (./main.c:124) Connexion à la BDD...
[15:31:25] [INFO]    [SERV]   (./main.c:394) Connecté a la BDD
[15:31:25] [INFO]    [SERV]   (./main.c:395) SET search_path...
[15:31:25] [INFO]    [SERV]   (./main.c:400) SET search_path success
[15:31:25] [INFO]    [SERV]   (./main.c:405) Base de données actuelle : postgres
[15:31:25] [INFO]    [SERV]   (./main.c:411) Schéma courant (search_path) : sae3_delivraptor
[15:31:25] [INFO]    [CLIENT] (./main.c:136) [127.0.0.1:47008] Client connecté
[15:31:25] [INFO]    [CLIENT] (./main.c:158) [127.0.0.1:47008] Requête reçue: CONN
[15:31:25] [INFO]    [CLIENT] (./main.c:366) [127.0.0.1:47008] Authentification réussie
[15:31:25] [INFO]    [CLIENT] (./main.c:165) [127.0.0.1:47008] Authentification OK pour mewen
[15:31:25] [INFO]    [CLIENT] (./main.c:158) [127.0.0.1:47008] Requête reçue: NEXT
[15:31:25] [INFO]    [CLIENT] (./main.c:141) [127.0.0.1:47008] Client déconnecté
[15:31:30] [INFO]    [CLIENT] (./main.c:158) [127.0.0.1:46998] Requête reçue: ADD
[15:31:30] [INFO]    [CLIENT] (./main.c:232) [127.0.0.1:46998] Informaions récupérées avec succès
[15:31:30] [INFO]    [SERV]   (./main.c:257) La commande existe deja
[15:31:30] [INFO]    [SERV]   (./main.c:260) Renvoi du bordereau
[15:31:30] [INFO]    [CLIENT] (./main.c:314) [127.0.0.1:46998] BORD ALI1768245916 com15223
[15:31:30] [INFO]    [CLIENT] (./main.c:158) [127.0.0.1:46998] Requête reçue: ETA
[15:31:30] [INFO]    [CLIENT] (./main.c:428) [127.0.0.1:46998] numéro de suivie récupéré
[15:31:30] [INFO]    [SERV]   (./main.c:443) Récuperation de l'etat
[15:31:30] [DEBUG]   [SERV]   (./main.c:446) Etat commande char : 9
[15:31:30] [DEBUG]   [SERV]   (./main.c:447) Etat commande int : 9
[15:31:30] [DEBUG]   [SERV]   (./main.c:452) Envoi msg etat
[15:31:30] [DEBUG]   [SERV]   (./etat/etat.c:28) msg_etat called: 9
[15:31:30] [INFO]    [SERV]   (./etat/etat.c:38) ETAT 9 envoyé: ETA LVR ALI1768245916
[15:31:30] [DEBUG]   [SERV]   (./main.c:454) Envoi msg etat FIN
[15:31:30] [INFO]    [CLIENT] (./main.c:158) [127.0.0.1:46998] Requête reçue: ETA
[15:31:30] [INFO]    [CLIENT] (./main.c:428) [127.0.0.1:46998] numéro de suivie récupéré
[15:31:30] [INFO]    [SERV]   (./main.c:443) Récuperation de l'etat
[15:31:30] [DEBUG]   [SERV]   (./main.c:446) Etat commande char : 9
[15:31:30] [DEBUG]   [SERV]   (./main.c:447) Etat commande int : 9
[15:31:30] [DEBUG]   [SERV]   (./main.c:452) Envoi msg etat
[15:31:30] [DEBUG]   [SERV]   (./etat/etat.c:28) msg_etat called: 9
[15:31:30] [INFO]    [SERV]   (./etat/etat.c:38) ETAT 9 envoyé: ETA LVR ALI1768374937
[15:31:30] [DEBUG]   [SERV]   (./main.c:454) Envoi msg etat FIN
[15:31:32] [INFO]    [SERV]   (./main.c:113) Connexion acceptée (fd=5)
[15:31:32] [DEBUG]   [SERV]   (./main.c:201)  <<Parent pid enfant : 6163
[15:31:32] [DEBUG]   [SERV]   (./main.c:203)  <<Parent connexion ferme
[15:31:32] [INFO]    [SERV]   (./main.c:122) Process enfant démarré (pid=6163) pour fd=5
[15:31:32] [INFO]    [SERV]   (./main.c:124) Connexion à la BDD...
[15:31:32] [INFO]    [SERV]   (./main.c:394) Connecté a la BDD
[15:31:32] [INFO]    [SERV]   (./main.c:395) SET search_path...
[15:31:32] [INFO]    [SERV]   (./main.c:400) SET search_path success
[15:31:32] [INFO]    [SERV]   (./main.c:405) Base de données actuelle : postgres
[15:31:32] [INFO]    [SERV]   (./main.c:411) Schéma courant (search_path) : sae3_delivraptor
[15:31:32] [INFO]    [CLIENT] (./main.c:136) [127.0.0.1:39916] Client connecté
[15:31:32] [INFO]    [CLIENT] (./main.c:158) [127.0.0.1:39916] Requête reçue: CONN
[15:31:32] [INFO]    [CLIENT] (./main.c:366) [127.0.0.1:39916] Authentification réussie
[15:31:32] [INFO]    [CLIENT] (./main.c:165) [127.0.0.1:39916] Authentification OK pour mewen
[15:31:32] [INFO]    [CLIENT] (./main.c:158) [127.0.0.1:39916] Requête reçue: NEXT
[15:31:32] [INFO]    [CLIENT] (./main.c:141) [127.0.0.1:39916] Client déconnecté
[15:31:40] [INFO]    [CLIENT] (./main.c:158) [127.0.0.1:46998] Requête reçue: ETA
[15:31:40] [INFO]    [CLIENT] (./main.c:428) [127.0.0.1:46998] numéro de suivie récupéré
[15:31:40] [INFO]    [CLIENT] (./main.c:449) [127.0.0.1:46998] Id_suivi ALI1245369547 n'existe pas
[15:31:40] [DEBUG]   [SERV]   (./main.c:452) Envoi msg etat
[15:31:40] [DEBUG]   [SERV]   (./etat/etat.c:28) msg_etat called: 0
[15:31:40] [INFO]    [SERV]   (./etat/etat.c:38) ETAT 0 envoyé: ETA ERR INCO ALI1245369547
[15:31:40] [DEBUG]   [SERV]   (./main.c:454) Envoi msg etat FIN
[15:32:00] [INFO]    [CLIENT] (./main.c:158) [127.0.0.1:46998] Requête reçue: ADD
[15:32:00] [INFO]    [CLIENT] (./main.c:232) [127.0.0.1:46998] Informaions récupérées avec succès
[15:32:00] [INFO]    [SERV]   (./main.c:257) La commande existe deja
[15:32:00] [INFO]    [SERV]   (./main.c:260) Renvoi du bordereau
[15:32:00] [INFO]    [CLIENT] (./main.c:314) [127.0.0.1:46998] BORD ALI1768230723 coma1215m4454
[15:32:00] [INFO]    [CLIENT] (./main.c:158) [127.0.0.1:46998] Requête reçue: ETA
[15:32:00] [INFO]    [CLIENT] (./main.c:428) [127.0.0.1:46998] numéro de suivie récupéré
[15:32:00] [INFO]    [SERV]   (./main.c:443) Récuperation de l'etat
[15:32:00] [DEBUG]   [SERV]   (./main.c:446) Etat commande char : 9
[15:32:00] [DEBUG]   [SERV]   (./main.c:447) Etat commande int : 9
[15:32:00] [DEBUG]   [SERV]   (./main.c:452) Envoi msg etat
[15:32:00] [DEBUG]   [SERV]   (./etat/etat.c:28) msg_etat called: 9
[15:32:00] [INFO]    [SERV]   (./etat/etat.c:38) ETAT 9 envoyé: ETA LVR ALI1768230723
[15:32:00] [DEBUG]   [SERV]   (./main.c:454) Envoi msg etat FIN
[15:32:00] [INFO]    [CLIENT] (./main.c:158) [127.0.0.1:46998] Requête reçue: ETA
[15:32:00] [INFO]    [CLIENT] (./main.c:428) [127.0.0.1:46998] numéro de suivie récupéré
[15:32:00] [INFO]    [SERV]   (./main.c:443) Récuperation de l'etat
[15:32:00] [DEBUG]   [SERV]   (./main.c:446) Etat commande char : 9
[15:32:00] [DEBUG]   [SERV]   (./main.c:447) Etat commande int : 9
[15:32:00] [DEBUG]   [SERV]   (./main.c:452) Envoi msg etat
[15:32:00] [DEBUG]   [SERV]   (./etat/etat.c:28) msg_etat called: 9
[15:32:00] [INFO]    [SERV]   (./etat/etat.c:38) ETAT 9 envoyé: ETA LVR ALI1768245916
[15:32:00] [DEBUG]   [SERV]   (./main.c:454) Envoi msg etat FIN
[15:32:00] [INFO]    [CLIENT] (./main.c:158) [127.0.0.1:46998] Requête reçue: ETA
[15:32:00] [INFO]    [CLIENT] (./main.c:428) [127.0.0.1:46998] numéro de suivie récupéré
[15:32:00] [INFO]    [SERV]   (./main.c:443) Récuperation de l'etat
[15:32:00] [DEBUG]   [SERV]   (./main.c:446) Etat commande char : 9
[15:32:00] [DEBUG]   [SERV]   (./main.c:447) Etat commande int : 9
[15:32:00] [DEBUG]   [SERV]   (./main.c:452) Envoi msg etat
[15:32:00] [DEBUG]   [SERV]   (./etat/etat.c:28) msg_etat called: 9
[15:32:00] [INFO]    [SERV]   (./etat/etat.c:38) ETAT 9 envoyé: ETA LVR ALI1768374937
[15:32:00] [DEBUG]   [SERV]   (./main.c:454) Envoi msg etat FIN
[15:32:00] [INFO]    [CLIENT] (./main.c:158) [127.0.0.1:46998] Requête reçue: ETAT
[15:32:00] [WARN]    [CLIENT] (./main.c:185) [127.0.0.1:46998] Commande non reconnue: ETAT
[15:32:00] [INFO]    [CLIENT] (./main.c:141) [127.0.0.1:46998] Client déconnecté
[15:33:40] [INFO]    [SERV]   (./main.c:70) Démarrage du service Delivraptor
[15:33:40] [INFO]    [SERV]   (./main.c:81) Socket configuré
[15:33:40] [INFO]    [SERV]   (./main.c:96) Adresse ip et port configurées
[15:33:40] [INFO]    [SERV]   (./main.c:101) Socket en écoute
[15:33:43] [INFO]    [SERV]   (./main.c:113) Connexion acceptée (fd=5)
[15:33:43] [DEBUG]   [SERV]   (./main.c:201)  <<Parent pid enfant : 6664
[15:33:43] [DEBUG]   [SERV]   (./main.c:203)  <<Parent connexion ferme
[15:33:43] [INFO]    [SERV]   (./main.c:122) Process enfant démarré (pid=6664) pour fd=5
[15:33:43] [INFO]    [SERV]   (./main.c:124) Connexion à la BDD...
[15:33:43] [INFO]    [SERV]   (./main.c:394) Connecté a la BDD
[15:33:43] [INFO]    [SERV]   (./main.c:395) SET search_path...
[15:33:43] [INFO]    [SERV]   (./main.c:400) SET search_path success
[15:33:43] [INFO]    [SERV]   (./main.c:405) Base de données actuelle : postgres
[15:33:43] [INFO]    [SERV]   (./main.c:411) Schéma courant (search_path) : sae3_delivraptor
[15:33:43] [INFO]    [CLIENT] (./main.c:136) [127.0.0.1:57678] Client connecté
[15:33:43] [INFO]    [CLIENT] (./main.c:158) [127.0.0.1:57678] Requête reçue: CONN
[15:33:43] [INFO]    [CLIENT] (./main.c:366) [127.0.0.1:57678] Authentification réussie
[15:33:43] [INFO]    [CLIENT] (./main.c:165) [127.0.0.1:57678] Authentification OK pour mewen
[15:33:43] [INFO]    [CLIENT] (./main.c:158) [127.0.0.1:57678] Requête reçue: NEXT
[15:33:43] [INFO]    [CLIENT] (./main.c:141) [127.0.0.1:57678] Client déconnecté
[15:33:44] [INFO]    [SERV]   (./main.c:113) Connexion acceptée (fd=5)
[15:33:44] [DEBUG]   [SERV]   (./main.c:201)  <<Parent pid enfant : 6667
[15:33:44] [DEBUG]   [SERV]   (./main.c:203)  <<Parent connexion ferme
[15:33:44] [INFO]    [SERV]   (./main.c:122) Process enfant démarré (pid=6667) pour fd=5
[15:33:44] [INFO]    [SERV]   (./main.c:124) Connexion à la BDD...
[15:33:45] [INFO]    [SERV]   (./main.c:394) Connecté a la BDD
[15:33:45] [INFO]    [SERV]   (./main.c:395) SET search_path...
[15:33:45] [INFO]    [SERV]   (./main.c:400) SET search_path success
[15:33:45] [INFO]    [SERV]   (./main.c:405) Base de données actuelle : postgres
[15:33:45] [INFO]    [SERV]   (./main.c:411) Schéma courant (search_path) : sae3_delivraptor
[15:33:45] [INFO]    [CLIENT] (./main.c:136) [127.0.0.1:57686] Client connecté
[15:33:45] [INFO]    [CLIENT] (./main.c:158) [127.0.0.1:57686] Requête reçue: CONN
[15:33:45] [INFO]    [CLIENT] (./main.c:366) [127.0.0.1:57686] Authentification réussie
[15:33:45] [INFO]    [CLIENT] (./main.c:165) [127.0.0.1:57686] Authentification OK pour mewen
[15:33:45] [INFO]    [CLIENT] (./main.c:158) [127.0.0.1:57686] Requête reçue: ADD
[15:33:45] [INFO]    [CLIENT] (./main.c:232) [127.0.0.1:57686] Informaions récupérées avec succès
[15:33:45] [INFO]    [CLIENT] (./main.c:262) [127.0.0.1:57686] Création bordereau pour la commande 144254 alizon
[15:33:45] [INFO]    [SERV]   (./main.c:280) INSERT recuperation des parametres...
[15:33:45] [INFO]    [SERV]   (./main.c:286) INSERT enregistrement en BDD...
[15:33:45] [INFO]    [SERV]   (./main.c:297) INSERT exécuté avec succès
[15:33:45] [INFO]    [CLIENT] (./main.c:314) [127.0.0.1:57686] BORD ALI1768459079 com144254
[15:33:45] [INFO]    [CLIENT] (./main.c:158) [127.0.0.1:57686] Requête reçue: ETA
[15:33:45] [INFO]    [CLIENT] (./main.c:428) [127.0.0.1:57686] numéro de suivie récupéré
[15:33:45] [INFO]    [SERV]   (./main.c:443) Récuperation de l'etat
[15:33:45] [DEBUG]   [SERV]   (./main.c:446) Etat commande char : 1
[15:33:45] [DEBUG]   [SERV]   (./main.c:447) Etat commande int : 1
[15:33:45] [DEBUG]   [SERV]   (./main.c:452) Envoi msg etat
[15:33:45] [DEBUG]   [SERV]   (./etat/etat.c:28) msg_etat called: 1
[15:33:45] [INFO]    [SERV]   (./etat/etat.c:38) ETAT 1 envoyé: ETA TRTC ALI1768459079
[15:33:45] [DEBUG]   [SERV]   (./main.c:454) Envoi msg etat FIN
[15:33:50] [INFO]    [SERV]   (./main.c:113) Connexion acceptée (fd=5)
[15:33:50] [DEBUG]   [SERV]   (./main.c:201)  <<Parent pid enfant : 6669
[15:33:50] [DEBUG]   [SERV]   (./main.c:203)  <<Parent connexion ferme
[15:33:50] [INFO]    [SERV]   (./main.c:122) Process enfant démarré (pid=6669) pour fd=5
[15:33:50] [INFO]    [SERV]   (./main.c:124) Connexion à la BDD...
[15:33:50] [INFO]    [SERV]   (./main.c:394) Connecté a la BDD
[15:33:50] [INFO]    [SERV]   (./main.c:395) SET search_path...
[15:33:50] [INFO]    [SERV]   (./main.c:400) SET search_path success
[15:33:50] [INFO]    [SERV]   (./main.c:405) Base de données actuelle : postgres
[15:33:50] [INFO]    [SERV]   (./main.c:411) Schéma courant (search_path) : sae3_delivraptor
[15:33:50] [INFO]    [CLIENT] (./main.c:136) [127.0.0.1:59178] Client connecté
[15:33:50] [INFO]    [CLIENT] (./main.c:158) [127.0.0.1:59178] Requête reçue: CONN
[15:33:50] [INFO]    [CLIENT] (./main.c:366) [127.0.0.1:59178] Authentification réussie
[15:33:50] [INFO]    [CLIENT] (./main.c:165) [127.0.0.1:59178] Authentification OK pour mewen
[15:33:50] [INFO]    [CLIENT] (./main.c:158) [127.0.0.1:59178] Requête reçue: NEXT
[15:33:50] [INFO]    [SERV]   (./main.c:471) SELECT retourne des éléments
[15:33:50] [DEBUG]   [SERV]   (./main.c:476) id suivi : ALI1768459079, etat 1
[15:33:50] [DEBUG]   [SERV]   (./main.c:481) prochain etat : 2
[15:33:50] [INFO]    [CLIENT] (./main.c:141) [127.0.0.1:59178] Client déconnecté
[15:33:55] [INFO]    [CLIENT] (./main.c:158) [127.0.0.1:57686] Requête reçue: ADD
[15:33:55] [INFO]    [CLIENT] (./main.c:232) [127.0.0.1:57686] Informaions récupérées avec succès
[15:33:55] [INFO]    [CLIENT] (./main.c:262) [127.0.0.1:57686] Création bordereau pour la commande 15223 alizon
[15:33:55] [INFO]    [SERV]   (./main.c:280) INSERT recuperation des parametres...
[15:33:55] [INFO]    [SERV]   (./main.c:286) INSERT enregistrement en BDD...
[15:33:55] [INFO]    [SERV]   (./main.c:297) INSERT exécuté avec succès
[15:33:55] [INFO]    [CLIENT] (./main.c:314) [127.0.0.1:57686] BORD ALI1768330058 com15223
[15:33:55] [INFO]    [CLIENT] (./main.c:158) [127.0.0.1:57686] Requête reçue: ETA
[15:33:55] [INFO]    [CLIENT] (./main.c:428) [127.0.0.1:57686] numéro de suivie récupéré
[15:33:55] [INFO]    [SERV]   (./main.c:443) Récuperation de l'etat
[15:33:55] [DEBUG]   [SERV]   (./main.c:446) Etat commande char : 1
[15:33:55] [DEBUG]   [SERV]   (./main.c:447) Etat commande int : 1
[15:33:55] [DEBUG]   [SERV]   (./main.c:452) Envoi msg etat
[15:33:55] [DEBUG]   [SERV]   (./etat/etat.c:28) msg_etat called: 1
[15:33:55] [INFO]    [SERV]   (./etat/etat.c:38) ETAT 1 envoyé: ETA TRTC ALI1768330058
[15:33:55] [DEBUG]   [SERV]   (./main.c:454) Envoi msg etat FIN
[15:33:55] [INFO]    [CLIENT] (./main.c:158) [127.0.0.1:57686] Requête reçue: ETA
[15:33:55] [INFO]    [CLIENT] (./main.c:428) [127.0.0.1:57686] numéro de suivie récupéré
[15:33:55] [INFO]    [SERV]   (./main.c:443) Récuperation de l'etat
[15:33:55] [DEBUG]   [SERV]   (./main.c:446) Etat commande char : 2
[15:33:55] [DEBUG]   [SERV]   (./main.c:447) Etat commande int : 2
[15:33:55] [DEBUG]   [SERV]   (./main.c:452) Envoi msg etat
[15:33:55] [DEBUG]   [SERV]   (./etat/etat.c:28) msg_etat called: 2
[15:33:55] [INFO]    [SERV]   (./etat/etat.c:38) ETAT 2 envoyé: ETA ACHTR ALI1768459079
[15:33:55] [DEBUG]   [SERV]   (./main.c:454) Envoi msg etat FIN
[15:33:57] [INFO]    [SERV]   (./main.c:113) Connexion acceptée (fd=5)
[15:33:57] [DEBUG]   [SERV]   (./main.c:201)  <<Parent pid enfant : 6675
[15:33:57] [DEBUG]   [SERV]   (./main.c:203)  <<Parent connexion ferme
[15:33:57] [INFO]    [SERV]   (./main.c:122) Process enfant démarré (pid=6675) pour fd=5
[15:33:57] [INFO]    [SERV]   (./main.c:124) Connexion à la BDD...
[15:33:57] [INFO]    [SERV]   (./main.c:394) Connecté a la BDD
[15:33:57] [INFO]    [SERV]   (./main.c:395) SET search_path...
[15:33:57] [INFO]    [SERV]   (./main.c:400) SET search_path success
[15:33:57] [INFO]    [SERV]   (./main.c:405) Base de données actuelle : postgres
[15:33:57] [INFO]    [SERV]   (./main.c:411) Schéma courant (search_path) : sae3_delivraptor
[15:33:57] [INFO]    [CLIENT] (./main.c:136) [127.0.0.1:42980] Client connecté
[15:33:57] [INFO]    [CLIENT] (./main.c:158) [127.0.0.1:42980] Requête reçue: CONN
[15:33:57] [INFO]    [CLIENT] (./main.c:366) [127.0.0.1:42980] Authentification réussie
[15:33:57] [INFO]    [CLIENT] (./main.c:165) [127.0.0.1:42980] Authentification OK pour mewen
[15:33:57] [INFO]    [CLIENT] (./main.c:158) [127.0.0.1:42980] Requête reçue: NEXT
[15:33:57] [INFO]    [SERV]   (./main.c:471) SELECT retourne des éléments
[15:33:57] [DEBUG]   [SERV]   (./main.c:476) id suivi : ALI1768459079, etat 2
[15:33:57] [DEBUG]   [SERV]   (./main.c:481) prochain etat : 3
[15:33:57] [DEBUG]   [SERV]   (./main.c:476) id suivi : ALI1768330058, etat 1
[15:33:57] [DEBUG]   [SERV]   (./main.c:481) prochain etat : 2
[15:33:57] [INFO]    [CLIENT] (./main.c:141) [127.0.0.1:42980] Client déconnecté
[15:34:04] [INFO]    [SERV]   (./main.c:113) Connexion acceptée (fd=5)
[15:34:04] [DEBUG]   [SERV]   (./main.c:201)  <<Parent pid enfant : 6677
[15:34:04] [DEBUG]   [SERV]   (./main.c:203)  <<Parent connexion ferme
[15:34:04] [INFO]    [SERV]   (./main.c:122) Process enfant démarré (pid=6677) pour fd=5
[15:34:04] [INFO]    [SERV]   (./main.c:124) Connexion à la BDD...
[15:34:04] [INFO]    [SERV]   (./main.c:394) Connecté a la BDD
[15:34:04] [INFO]    [SERV]   (./main.c:395) SET search_path...
[15:34:04] [INFO]    [SERV]   (./main.c:400) SET search_path success
[15:34:04] [INFO]    [SERV]   (./main.c:405) Base de données actuelle : postgres
[15:34:04] [INFO]    [SERV]   (./main.c:411) Schéma courant (search_path) : sae3_delivraptor
[15:34:04] [INFO]    [CLIENT] (./main.c:136) [127.0.0.1:42990] Client connecté
[15:34:04] [INFO]    [CLIENT] (./main.c:158) [127.0.0.1:42990] Requête reçue: CONN
[15:34:04] [INFO]    [CLIENT] (./main.c:366) [127.0.0.1:42990] Authentification réussie
[15:34:04] [INFO]    [CLIENT] (./main.c:165) [127.0.0.1:42990] Authentification OK pour mewen
[15:34:04] [INFO]    [CLIENT] (./main.c:158) [127.0.0.1:42990] Requête reçue: NEXT
[15:34:04] [INFO]    [SERV]   (./main.c:471) SELECT retourne des éléments
[15:34:04] [DEBUG]   [SERV]   (./main.c:476) id suivi : ALI1768459079, etat 3
[15:34:04] [DEBUG]   [SERV]   (./main.c:481) prochain etat : 4
[15:34:04] [DEBUG]   [SERV]   (./main.c:476) id suivi : ALI1768330058, etat 2
[15:34:04] [DEBUG]   [SERV]   (./main.c:481) prochain etat : 3
[15:34:04] [INFO]    [CLIENT] (./main.c:141) [127.0.0.1:42990] Client déconnecté
[15:34:05] [INFO]    [CLIENT] (./main.c:158) [127.0.0.1:57686] Requête reçue: ETA
[15:34:05] [INFO]    [CLIENT] (./main.c:428) [127.0.0.1:57686] numéro de suivie récupéré
[15:34:05] [INFO]    [CLIENT] (./main.c:449) [127.0.0.1:57686] Id_suivi ALI1245369547 n'existe pas
[15:34:05] [DEBUG]   [SERV]   (./main.c:452) Envoi msg etat
[15:34:05] [DEBUG]   [SERV]   (./etat/etat.c:28) msg_etat called: 0
[15:34:05] [INFO]    [SERV]   (./etat/etat.c:38) ETAT 0 envoyé: ETA ERR INCO ALI1245369547
[15:34:05] [DEBUG]   [SERV]   (./main.c:454) Envoi msg etat FIN
[15:34:25] [INFO]    [CLIENT] (./main.c:158) [127.0.0.1:57686] Requête reçue: ADD
[15:34:25] [INFO]    [CLIENT] (./main.c:232) [127.0.0.1:57686] Informaions récupérées avec succès
[15:34:25] [INFO]    [CLIENT] (./main.c:262) [127.0.0.1:57686] Création bordereau pour la commande a1215m4454 alizon
[15:34:25] [INFO]    [SERV]   (./main.c:280) INSERT recuperation des parametres...
[15:34:25] [INFO]    [SERV]   (./main.c:286) INSERT enregistrement en BDD...
[15:34:25] [INFO]    [SERV]   (./main.c:297) INSERT exécuté avec succès
[15:34:25] [INFO]    [CLIENT] (./main.c:314) [127.0.0.1:57686] BORD ALI1768314865 coma1215m4454
[15:34:25] [INFO]    [CLIENT] (./main.c:158) [127.0.0.1:57686] Requête reçue: ETA
[15:34:25] [INFO]    [CLIENT] (./main.c:428) [127.0.0.1:57686] numéro de suivie récupéré
[15:34:25] [INFO]    [SERV]   (./main.c:443) Récuperation de l'etat
[15:34:25] [DEBUG]   [SERV]   (./main.c:446) Etat commande char : 1
[15:34:25] [DEBUG]   [SERV]   (./main.c:447) Etat commande int : 1
[15:34:25] [DEBUG]   [SERV]   (./main.c:452) Envoi msg etat
[15:34:25] [DEBUG]   [SERV]   (./etat/etat.c:28) msg_etat called: 1
[15:34:25] [INFO]    [SERV]   (./etat/etat.c:38) ETAT 1 envoyé: ETA TRTC ALI1768314865
[15:34:25] [DEBUG]   [SERV]   (./main.c:454) Envoi msg etat FIN
[15:34:25] [INFO]    [CLIENT] (./main.c:158) [127.0.0.1:57686] Requête reçue: ETA
[15:34:25] [INFO]    [CLIENT] (./main.c:428) [127.0.0.1:57686] numéro de suivie récupéré
[15:34:25] [INFO]    [SERV]   (./main.c:443) Récuperation de l'etat
[15:34:25] [DEBUG]   [SERV]   (./main.c:446) Etat commande char : 3
[15:34:25] [DEBUG]   [SERV]   (./main.c:447) Etat commande int : 3
[15:34:25] [DEBUG]   [SERV]   (./main.c:452) Envoi msg etat
[15:34:25] [DEBUG]   [SERV]   (./etat/etat.c:28) msg_etat called: 3
[15:34:25] [INFO]    [SERV]   (./etat/etat.c:38) ETAT 3 envoyé: ETA ARRTR ALI1768330058
[15:34:25] [DEBUG]   [SERV]   (./main.c:454) Envoi msg etat FIN
[15:34:25] [INFO]    [CLIENT] (./main.c:158) [127.0.0.1:57686] Requête reçue: ETA
[15:34:25] [INFO]    [CLIENT] (./main.c:428) [127.0.0.1:57686] numéro de suivie récupéré
[15:34:25] [INFO]    [SERV]   (./main.c:443) Récuperation de l'etat
[15:34:25] [DEBUG]   [SERV]   (./main.c:446) Etat commande char : 4
[15:34:25] [DEBUG]   [SERV]   (./main.c:447) Etat commande int : 4
[15:34:25] [DEBUG]   [SERV]   (./main.c:452) Envoi msg etat
[15:34:25] [DEBUG]   [SERV]   (./etat/etat.c:28) msg_etat called: 4
[15:34:25] [INFO]    [SERV]   (./etat/etat.c:38) ETAT 4 envoyé: ETA ACHPR ALI1768459079
[15:34:25] [DEBUG]   [SERV]   (./main.c:454) Envoi msg etat FIN
[15:34:25] [INFO]    [CLIENT] (./main.c:158) [127.0.0.1:57686] Requête reçue: ETAT
[15:34:25] [WARN]    [CLIENT] (./main.c:185) [127.0.0.1:57686] Commande non reconnue: ETAT
[15:34:25] [INFO]    [CLIENT] (./main.c:141) [127.0.0.1:57686] Client déconnecté
[23:20:30] [INFO]    [SERV]   (./main.c:70) Démarrage du service Delivraptor
[23:20:30] [INFO]    [SERV]   (./main.c:81) Socket configuré
[23:20:30] [INFO]    [SERV]   (./main.c:96) Adresse ip et port configurées
[23:20:30] [INFO]    [SERV]   (./main.c:101) Socket en écoute
[23:20:31] [INFO]    [SERV]   (./main.c:113) Connexion acceptée (fd=5)
[23:20:31] [DEBUG]   [SERV]   (./main.c:201)  <<Parent pid enfant : 8431
[23:20:31] [DEBUG]   [SERV]   (./main.c:203)  <<Parent connexion ferme
[23:20:31] [INFO]    [SERV]   (./main.c:122) Process enfant démarré (pid=8431) pour fd=5
[23:20:31] [INFO]    [SERV]   (./main.c:124) Connexion à la BDD...
[23:20:31] [ERROR]   [SERV]   (./main.c:396) Erreur connexion BDD : could not translate host name "(null)" to address: Name or service not known

[23:20:31] [INFO]    [CLIENT] (./main.c:136) [127.0.0.1:52792] Client connecté
[23:20:31] [INFO]    [CLIENT] (./main.c:158) [127.0.0.1:52792] Requête reçue: CONN
[23:20:31] [INFO]    [CLIENT] (./main.c:366) [127.0.0.1:52792] Authentification réussie
[23:20:31] [INFO]    [CLIENT] (./main.c:165) [127.0.0.1:52792] Authentification OK pour mewen
[23:20:31] [INFO]    [CLIENT] (./main.c:158) [127.0.0.1:52792] Requête reçue: NEXT
[23:20:31] [INFO]    [CLIENT] (./main.c:141) [127.0.0.1:52792] Client déconnecté
[23:21:01] [INFO]    [SERV]   (./main.c:113) Connexion acceptée (fd=5)
[23:21:01] [DEBUG]   [SERV]   (./main.c:201)  <<Parent pid enfant : 8448
[23:21:01] [DEBUG]   [SERV]   (./main.c:203)  <<Parent connexion ferme
[23:21:01] [INFO]    [SERV]   (./main.c:122) Process enfant démarré (pid=8448) pour fd=5
[23:21:01] [INFO]    [SERV]   (./main.c:124) Connexion à la BDD...
[23:21:01] [ERROR]   [SERV]   (./main.c:396) Erreur connexion BDD : could not translate host name "(null)" to address: Name or service not known

[23:21:01] [INFO]    [CLIENT] (./main.c:136) [127.0.0.1:33964] Client connecté
[23:21:01] [INFO]    [CLIENT] (./main.c:158) [127.0.0.1:33964] Requête reçue: CONN
[23:21:01] [INFO]    [CLIENT] (./main.c:366) [127.0.0.1:33964] Authentification réussie
[23:21:01] [INFO]    [CLIENT] (./main.c:165) [127.0.0.1:33964] Authentification OK pour mewen
[23:21:01] [INFO]    [CLIENT] (./main.c:158) [127.0.0.1:33964] Requête reçue: ADD
[23:21:01] [INFO]    [CLIENT] (./main.c:232) [127.0.0.1:33964] Informaions récupérées avec succès
[23:21:01] [ERROR]   [SERV]   (./main.c:246) Erreur SELECT: 

[23:21:01] [INFO]    [CLIENT] (./main.c:158) [127.0.0.1:33964] Requête reçue: ETA
[23:21:01] [INFO]    [CLIENT] (./main.c:434) [127.0.0.1:33964] numéro de suivie récupéré
[23:21:01] [INFO]    [CLIENT] (./main.c:455) [127.0.0.1:33964] Id_suivi ERR n'existe pas
[23:21:01] [DEBUG]   [SERV]   (./main.c:458) Envoi msg etat
[23:21:01] [DEBUG]   [SERV]   (./etat/etat.c:28) msg_etat called: 0
[23:21:01] [INFO]    [SERV]   (./etat/etat.c:38) ETAT 0 envoyé: ETA ERR INCO ERR
[23:21:01] [DEBUG]   [SERV]   (./main.c:460) Envoi msg etat FIN
[23:21:01] [INFO]    [SERV]   (./main.c:113) Connexion acceptée (fd=5)
[23:21:01] [DEBUG]   [SERV]   (./main.c:201)  <<Parent pid enfant : 8449
[23:21:01] [DEBUG]   [SERV]   (./main.c:203)  <<Parent connexion ferme
[23:21:01] [INFO]    [SERV]   (./main.c:122) Process enfant démarré (pid=8449) pour fd=5
[23:21:01] [INFO]    [SERV]   (./main.c:124) Connexion à la BDD...
[23:21:01] [ERROR]   [SERV]   (./main.c:396) Erreur connexion BDD : could not translate host name "(null)" to address: Name or service not known

[23:21:01] [INFO]    [CLIENT] (./main.c:136) [127.0.0.1:33974] Client connecté
[23:21:01] [INFO]    [CLIENT] (./main.c:158) [127.0.0.1:33974] Requête reçue: CONN
[23:21:01] [INFO]    [CLIENT] (./main.c:366) [127.0.0.1:33974] Authentification réussie
[23:21:01] [INFO]    [CLIENT] (./main.c:165) [127.0.0.1:33974] Authentification OK pour mewen
[23:21:01] [INFO]    [CLIENT] (./main.c:158) [127.0.0.1:33974] Requête reçue: NEXT
[23:21:01] [INFO]    [CLIENT] (./main.c:141) [127.0.0.1:33974] Client déconnecté
[23:21:11] [INFO]    [CLIENT] (./main.c:158) [127.0.0.1:33964] Requête reçue: ADD
[23:21:11] [INFO]    [CLIENT] (./main.c:232) [127.0.0.1:33964] Informaions récupérées avec succès
[23:21:11] [ERROR]   [SERV]   (./main.c:246) Erreur SELECT: 

[23:21:11] [INFO]    [CLIENT] (./main.c:158) [127.0.0.1:33964] Requête reçue: ETA
[23:21:11] [INFO]    [CLIENT] (./main.c:434) [127.0.0.1:33964] numéro de suivie récupéré
[23:21:11] [INFO]    [CLIENT] (./main.c:455) [127.0.0.1:33964] Id_suivi ERR n'existe pas
[23:21:11] [DEBUG]   [SERV]   (./main.c:458) Envoi msg etat
[23:21:11] [DEBUG]   [SERV]   (./etat/etat.c:28) msg_etat called: 0
[23:21:11] [INFO]    [SERV]   (./etat/etat.c:38) ETAT 0 envoyé: ETA ERR INCO ERR
[23:21:11] [DEBUG]   [SERV]   (./main.c:460) Envoi msg etat FIN
[23:21:11] [INFO]    [CLIENT] (./main.c:158) [127.0.0.1:33964] Requête reçue: ETA
[23:21:11] [INFO]    [CLIENT] (./main.c:434) [127.0.0.1:33964] numéro de suivie récupéré
[23:21:11] [INFO]    [CLIENT] (./main.c:455) [127.0.0.1:33964] Id_suivi ERR n'existe pas
[23:21:11] [DEBUG]   [SERV]   (./main.c:458) Envoi msg etat
[23:21:11] [DEBUG]   [SERV]   (./etat/etat.c:28) msg_etat called: 0
[23:21:11] [INFO]    [SERV]   (./etat/etat.c:38) ETAT 0 envoyé: ETA ERR INCO ERR
[23:21:11] [DEBUG]   [SERV]   (./main.c:460) Envoi msg etat FIN
[23:21:21] [INFO]    [CLIENT] (./main.c:158) [127.0.0.1:33964] Requête reçue: ETA
[23:21:21] [INFO]    [CLIENT] (./main.c:434) [127.0.0.1:33964] numéro de suivie récupéré
[23:21:21] [INFO]    [CLIENT] (./main.c:455) [127.0.0.1:33964] Id_suivi ALI1245369547 n'existe pas
[23:21:21] [DEBUG]   [SERV]   (./main.c:458) Envoi msg etat
[23:21:21] [DEBUG]   [SERV]   (./etat/etat.c:28) msg_etat called: 0
[23:21:21] [INFO]    [SERV]   (./etat/etat.c:38) ETAT 0 envoyé: ETA ERR INCO ALI1245369547
[23:21:21] [DEBUG]   [SERV]   (./main.c:460) Envoi msg etat FIN
[23:21:31] [INFO]    [SERV]   (./main.c:113) Connexion acceptée (fd=5)
[23:21:31] [DEBUG]   [SERV]   (./main.c:201)  <<Parent pid enfant : 8498
[23:21:31] [DEBUG]   [SERV]   (./main.c:203)  <<Parent connexion ferme
[23:21:31] [INFO]    [SERV]   (./main.c:122) Process enfant démarré (pid=8498) pour fd=5
[23:21:31] [INFO]    [SERV]   (./main.c:124) Connexion à la BDD...
[23:21:31] [ERROR]   [SERV]   (./main.c:396) Erreur connexion BDD : could not translate host name "(null)" to address: Name or service not known

[23:21:31] [INFO]    [CLIENT] (./main.c:136) [127.0.0.1:52442] Client connecté
[23:21:31] [INFO]    [CLIENT] (./main.c:158) [127.0.0.1:52442] Requête reçue: CONN
[23:21:31] [INFO]    [CLIENT] (./main.c:366) [127.0.0.1:52442] Authentification réussie
[23:21:31] [INFO]    [CLIENT] (./main.c:165) [127.0.0.1:52442] Authentification OK pour mewen
[23:21:31] [INFO]    [CLIENT] (./main.c:158) [127.0.0.1:52442] Requête reçue: NEXT
[23:21:31] [INFO]    [CLIENT] (./main.c:141) [127.0.0.1:52442] Client déconnecté
[23:21:41] [INFO]    [CLIENT] (./main.c:158) [127.0.0.1:33964] Requête reçue: ADD
[23:21:41] [INFO]    [CLIENT] (./main.c:232) [127.0.0.1:33964] Informaions récupérées avec succès
[23:21:41] [ERROR]   [SERV]   (./main.c:246) Erreur SELECT: 

[23:21:41] [INFO]    [CLIENT] (./main.c:158) [127.0.0.1:33964] Requête reçue: ETA
[23:21:41] [INFO]    [CLIENT] (./main.c:434) [127.0.0.1:33964] numéro de suivie récupéré
[23:21:41] [INFO]    [CLIENT] (./main.c:455) [127.0.0.1:33964] Id_suivi ERR n'existe pas
[23:21:41] [DEBUG]   [SERV]   (./main.c:458) Envoi msg etat
[23:21:41] [DEBUG]   [SERV]   (./etat/etat.c:28) msg_etat called: 0
[23:21:41] [INFO]    [SERV]   (./etat/etat.c:38) ETAT 0 envoyé: ETA ERR INCO ERR
[23:21:41] [DEBUG]   [SERV]   (./main.c:460) Envoi msg etat FIN
[23:21:41] [INFO]    [CLIENT] (./main.c:158) [127.0.0.1:33964] Requête reçue: ETA
[23:21:41] [INFO]    [CLIENT] (./main.c:434) [127.0.0.1:33964] numéro de suivie récupéré
[23:21:41] [INFO]    [CLIENT] (./main.c:455) [127.0.0.1:33964] Id_suivi ERR n'existe pas
[23:21:41] [DEBUG]   [SERV]   (./main.c:458) Envoi msg etat
[23:21:41] [DEBUG]   [SERV]   (./etat/etat.c:28) msg_etat called: 0
[23:21:41] [INFO]    [SERV]   (./etat/etat.c:38) ETAT 0 envoyé: ETA ERR INCO ERR
[23:21:41] [DEBUG]   [SERV]   (./main.c:460) Envoi msg etat FIN
[23:21:41] [INFO]    [CLIENT] (./main.c:158) [127.0.0.1:33964] Requête reçue: ETA
[23:21:41] [INFO]    [CLIENT] (./main.c:434) [127.0.0.1:33964] numéro de suivie récupéré
[23:21:41] [INFO]    [CLIENT] (./main.c:455) [127.0.0.1:33964] Id_suivi ERR n'existe pas
[23:21:41] [DEBUG]   [SERV]   (./main.c:458) Envoi msg etat
[23:21:41] [DEBUG]   [SERV]   (./etat/etat.c:28) msg_etat called: 0
[23:21:41] [INFO]    [SERV]   (./etat/etat.c:38) ETAT 0 envoyé: ETA ERR INCO ERR
[23:21:41] [DEBUG]   [SERV]   (./main.c:460) Envoi msg etat FIN
[23:21:41] [INFO]    [CLIENT] (./main.c:158) [127.0.0.1:33964] Requête reçue: ETAT
[23:21:41] [WARN]    [CLIENT] (./main.c:185) [127.0.0.1:33964] Commande non reconnue: ETAT
[23:21:41] [INFO]    [CLIENT] (./main.c:141) [127.0.0.1:33964] Client déconnecté
[23:22:01] [INFO]    [SERV]   (./main.c:113) Connexion acceptée (fd=5)
[23:22:01] [DEBUG]   [SERV]   (./main.c:201)  <<Parent pid enfant : 8538
[23:22:01] [DEBUG]   [SERV]   (./main.c:203)  <<Parent connexion ferme
[23:22:01] [INFO]    [SERV]   (./main.c:122) Process enfant démarré (pid=8538) pour fd=5
[23:22:01] [INFO]    [SERV]   (./main.c:124) Connexion à la BDD...
[23:22:01] [ERROR]   [SERV]   (./main.c:396) Erreur connexion BDD : could not translate host name "(null)" to address: Name or service not known

[23:22:01] [INFO]    [CLIENT] (./main.c:136) [127.0.0.1:59866] Client connecté
[23:22:01] [INFO]    [CLIENT] (./main.c:158) [127.0.0.1:59866] Requête reçue: CONN
[23:22:01] [INFO]    [CLIENT] (./main.c:366) [127.0.0.1:59866] Authentification réussie
[23:22:01] [INFO]    [CLIENT] (./main.c:165) [127.0.0.1:59866] Authentification OK pour mewen
[23:22:01] [INFO]    [CLIENT] (./main.c:158) [127.0.0.1:59866] Requête reçue: NEXT
[23:22:01] [INFO]    [CLIENT] (./main.c:141) [127.0.0.1:59866] Client déconnecté
[23:22:31] [INFO]    [SERV]   (./main.c:113) Connexion acceptée (fd=5)
[23:22:31] [DEBUG]   [SERV]   (./main.c:201)  <<Parent pid enfant : 8579
[23:22:31] [DEBUG]   [SERV]   (./main.c:203)  <<Parent connexion ferme
[23:22:31] [INFO]    [SERV]   (./main.c:122) Process enfant démarré (pid=8579) pour fd=5
[23:22:31] [INFO]    [SERV]   (./main.c:124) Connexion à la BDD...
[23:22:31] [ERROR]   [SERV]   (./main.c:396) Erreur connexion BDD : could not translate host name "(null)" to address: Name or service not known

[23:22:31] [INFO]    [CLIENT] (./main.c:136) [127.0.0.1:41620] Client connecté
[23:22:31] [INFO]    [CLIENT] (./main.c:158) [127.0.0.1:41620] Requête reçue: CONN
[23:22:31] [INFO]    [CLIENT] (./main.c:366) [127.0.0.1:41620] Authentification réussie
[23:22:31] [INFO]    [CLIENT] (./main.c:165) [127.0.0.1:41620] Authentification OK pour mewen
[23:22:31] [INFO]    [CLIENT] (./main.c:158) [127.0.0.1:41620] Requête reçue: NEXT
[23:22:31] [INFO]    [CLIENT] (./main.c:141) [127.0.0.1:41620] Client déconnecté
[23:23:01] [INFO]    [SERV]   (./main.c:113) Connexion acceptée (fd=5)
[23:23:01] [DEBUG]   [SERV]   (./main.c:201)  <<Parent pid enfant : 8595
[23:23:01] [DEBUG]   [SERV]   (./main.c:203)  <<Parent connexion ferme
[23:23:01] [INFO]    [SERV]   (./main.c:122) Process enfant démarré (pid=8595) pour fd=5
[23:23:01] [INFO]    [SERV]   (./main.c:124) Connexion à la BDD...
[23:23:01] [ERROR]   [SERV]   (./main.c:396) Erreur connexion BDD : could not translate host name "(null)" to address: Name or service not known

[23:23:01] [INFO]    [CLIENT] (./main.c:136) [127.0.0.1:59566] Client connecté
[23:23:01] [INFO]    [CLIENT] (./main.c:158) [127.0.0.1:59566] Requête reçue: CONN
[23:23:01] [INFO]    [CLIENT] (./main.c:366) [127.0.0.1:59566] Authentification réussie
[23:23:01] [INFO]    [CLIENT] (./main.c:165) [127.0.0.1:59566] Authentification OK pour mewen
[23:23:01] [INFO]    [CLIENT] (./main.c:158) [127.0.0.1:59566] Requête reçue: NEXT
[23:23:01] [INFO]    [CLIENT] (./main.c:141) [127.0.0.1:59566] Client déconnecté
[23:23:31] [INFO]    [SERV]   (./main.c:113) Connexion acceptée (fd=5)
[23:23:31] [DEBUG]   [SERV]   (./main.c:201)  <<Parent pid enfant : 8659
[23:23:31] [DEBUG]   [SERV]   (./main.c:203)  <<Parent connexion ferme
[23:23:31] [INFO]    [SERV]   (./main.c:122) Process enfant démarré (pid=8659) pour fd=5
[23:23:31] [INFO]    [SERV]   (./main.c:124) Connexion à la BDD...
[23:23:31] [ERROR]   [SERV]   (./main.c:396) Erreur connexion BDD : could not translate host name "(null)" to address: Name or service not known

[23:23:31] [INFO]    [CLIENT] (./main.c:136) [127.0.0.1:45838] Client connecté
[23:23:31] [INFO]    [CLIENT] (./main.c:158) [127.0.0.1:45838] Requête reçue: CONN
[23:23:31] [INFO]    [CLIENT] (./main.c:366) [127.0.0.1:45838] Authentification réussie
[23:23:31] [INFO]    [CLIENT] (./main.c:165) [127.0.0.1:45838] Authentification OK pour mewen
[23:23:31] [INFO]    [CLIENT] (./main.c:158) [127.0.0.1:45838] Requête reçue: NEXT
[23:23:31] [INFO]    [CLIENT] (./main.c:141) [127.0.0.1:45838] Client déconnecté
[23:24:01] [INFO]    [SERV]   (./main.c:113) Connexion acceptée (fd=5)
[23:24:01] [DEBUG]   [SERV]   (./main.c:201)  <<Parent pid enfant : 8689
[23:24:01] [DEBUG]   [SERV]   (./main.c:203)  <<Parent connexion ferme
[23:24:01] [INFO]    [SERV]   (./main.c:122) Process enfant démarré (pid=8689) pour fd=5
[23:24:01] [INFO]    [SERV]   (./main.c:124) Connexion à la BDD...
[23:24:01] [ERROR]   [SERV]   (./main.c:396) Erreur connexion BDD : could not translate host name "(null)" to address: Name or service not known

[23:24:01] [INFO]    [CLIENT] (./main.c:136) [127.0.0.1:33538] Client connecté
[23:24:01] [INFO]    [CLIENT] (./main.c:158) [127.0.0.1:33538] Requête reçue: CONN
[23:24:01] [INFO]    [CLIENT] (./main.c:366) [127.0.0.1:33538] Authentification réussie
[23:24:01] [INFO]    [CLIENT] (./main.c:165) [127.0.0.1:33538] Authentification OK pour mewen
[23:24:01] [INFO]    [CLIENT] (./main.c:158) [127.0.0.1:33538] Requête reçue: NEXT
[23:24:01] [INFO]    [CLIENT] (./main.c:141) [127.0.0.1:33538] Client déconnecté
[23:24:31] [INFO]    [SERV]   (./main.c:113) Connexion acceptée (fd=5)
[23:24:31] [DEBUG]   [SERV]   (./main.c:201)  <<Parent pid enfant : 8716
[23:24:31] [DEBUG]   [SERV]   (./main.c:203)  <<Parent connexion ferme
[23:24:31] [INFO]    [SERV]   (./main.c:122) Process enfant démarré (pid=8716) pour fd=5
[23:24:31] [INFO]    [SERV]   (./main.c:124) Connexion à la BDD...
[23:24:31] [ERROR]   [SERV]   (./main.c:396) Erreur connexion BDD : could not translate host name "(null)" to address: Name or service not known

[23:24:31] [INFO]    [CLIENT] (./main.c:136) [127.0.0.1:44532] Client connecté
[23:24:31] [INFO]    [CLIENT] (./main.c:158) [127.0.0.1:44532] Requête reçue: CONN
[23:24:31] [INFO]    [CLIENT] (./main.c:366) [127.0.0.1:44532] Authentification réussie
[23:24:31] [INFO]    [CLIENT] (./main.c:165) [127.0.0.1:44532] Authentification OK pour mewen
[23:24:31] [INFO]    [CLIENT] (./main.c:158) [127.0.0.1:44532] Requête reçue: NEXT
[23:24:31] [INFO]    [CLIENT] (./main.c:141) [127.0.0.1:44532] Client déconnecté
[23:24:47] [INFO]    [SERV]   (./main.c:70) Démarrage du service Delivraptor
[23:24:47] [INFO]    [SERV]   (./main.c:81) Socket configuré
[23:24:47] [INFO]    [SERV]   (./main.c:96) Adresse ip et port configurées
[23:24:47] [INFO]    [SERV]   (./main.c:101) Socket en écoute
[23:24:52] [INFO]    [SERV]   (./main.c:113) Connexion acceptée (fd=5)
[23:24:52] [DEBUG]   [SERV]   (./main.c:201)  <<Parent pid enfant : 8776
[23:24:52] [DEBUG]   [SERV]   (./main.c:203)  <<Parent connexion ferme
[23:24:52] [INFO]    [SERV]   (./main.c:122) Process enfant démarré (pid=8776) pour fd=5
[23:24:52] [INFO]    [SERV]   (./main.c:124) Connexion à la BDD...
[23:24:52] [ERROR]   [SERV]   (./main.c:396) Erreur connexion BDD : could not translate host name "(null)" to address: Name or service not known

[23:24:52] [INFO]    [CLIENT] (./main.c:136) [127.0.0.1:36668] Client connecté
[23:24:52] [INFO]    [CLIENT] (./main.c:158) [127.0.0.1:36668] Requête reçue: CONN
[23:24:52] [INFO]    [CLIENT] (./main.c:366) [127.0.0.1:36668] Authentification réussie
[23:24:52] [INFO]    [CLIENT] (./main.c:165) [127.0.0.1:36668] Authentification OK pour mewen
[23:24:52] [INFO]    [CLIENT] (./main.c:158) [127.0.0.1:36668] Requête reçue: NEXT
[23:24:52] [INFO]    [CLIENT] (./main.c:141) [127.0.0.1:36668] Client déconnecté
[23:25:22] [INFO]    [SERV]   (./main.c:113) Connexion acceptée (fd=5)
[23:25:22] [DEBUG]   [SERV]   (./main.c:201)  <<Parent pid enfant : 8798
[23:25:22] [DEBUG]   [SERV]   (./main.c:203)  <<Parent connexion ferme
[23:25:22] [INFO]    [SERV]   (./main.c:122) Process enfant démarré (pid=8798) pour fd=5
[23:25:22] [INFO]    [SERV]   (./main.c:124) Connexion à la BDD...
[23:25:22] [ERROR]   [SERV]   (./main.c:396) Erreur connexion BDD : could not translate host name "(null)" to address: Name or service not known

[23:25:22] [INFO]    [CLIENT] (./main.c:136) [127.0.0.1:38284] Client connecté
[23:25:22] [INFO]    [CLIENT] (./main.c:158) [127.0.0.1:38284] Requête reçue: CONN
[23:25:22] [INFO]    [CLIENT] (./main.c:366) [127.0.0.1:38284] Authentification réussie
[23:25:22] [INFO]    [CLIENT] (./main.c:165) [127.0.0.1:38284] Authentification OK pour mewen
[23:25:22] [INFO]    [CLIENT] (./main.c:158) [127.0.0.1:38284] Requête reçue: NEXT
[23:25:22] [INFO]    [CLIENT] (./main.c:141) [127.0.0.1:38284] Client déconnecté
[23:34:30] [INFO]    [SERV]   (./main.c:70) Démarrage du service Delivraptor
[23:34:30] [INFO]    [SERV]   (./main.c:81) Socket configuré
[23:34:30] [INFO]    [SERV]   (./main.c:96) Adresse ip et port configurées
[23:34:30] [INFO]    [SERV]   (./main.c:101) Socket en écoute
[23:34:35] [INFO]    [SERV]   (./main.c:113) Connexion acceptée (fd=5)
[23:34:35] [DEBUG]   [SERV]   (./main.c:201)  <<Parent pid enfant : 10054
[23:34:35] [DEBUG]   [SERV]   (./main.c:203)  <<Parent connexion ferme
[23:34:35] [INFO]    [SERV]   (./main.c:122) Process enfant démarré (pid=10054) pour fd=5
[23:34:35] [INFO]    [SERV]   (./main.c:124) Connexion à la BDD...
[23:34:35] [ERROR]   [SERV]   (./main.c:396) Erreur connexion BDD : could not translate host name "(null)" to address: Name or service not known

[23:34:35] [INFO]    [CLIENT] (./main.c:136) [127.0.0.1:47774] Client connecté
[23:34:35] [INFO]    [CLIENT] (./main.c:158) [127.0.0.1:47774] Requête reçue: CONN
[23:34:35] [INFO]    [CLIENT] (./main.c:366) [127.0.0.1:47774] Authentification réussie
[23:34:35] [INFO]    [CLIENT] (./main.c:165) [127.0.0.1:47774] Authentification OK pour mewen
[23:34:35] [INFO]    [CLIENT] (./main.c:158) [127.0.0.1:47774] Requête reçue: NEXT
[23:34:35] [INFO]    [CLIENT] (./main.c:141) [127.0.0.1:47774] Client déconnecté
[23:35:29] [INFO]    [SERV]   (./main.c:70) Démarrage du service Delivraptor
[23:35:29] [INFO]    [SERV]   (./main.c:81) Socket configuré
[23:35:29] [INFO]    [SERV]   (./main.c:96) Adresse ip et port configurées
[23:35:29] [INFO]    [SERV]   (./main.c:101) Socket en écoute
[23:35:36] [INFO]    [SERV]   (./main.c:113) Connexion acceptée (fd=5)
[23:35:36] [DEBUG]   [SERV]   (./main.c:201)  <<Parent pid enfant : 10124
[23:35:36] [DEBUG]   [SERV]   (./main.c:203)  <<Parent connexion ferme
[23:35:36] [INFO]    [SERV]   (./main.c:122) Process enfant démarré (pid=10124) pour fd=5
[23:35:36] [INFO]    [SERV]   (./main.c:124) Connexion à la BDD...
[23:35:36] [INFO]    [SERV]   (./main.c:400) Connecté a la BDD
[23:35:36] [INFO]    [SERV]   (./main.c:401) SET search_path...
[23:35:36] [INFO]    [SERV]   (./main.c:406) SET search_path success
[23:35:36] [INFO]    [SERV]   (./main.c:411) Base de données actuelle : postgres
[23:35:36] [INFO]    [SERV]   (./main.c:417) Schéma courant (search_path) : sae3_delivraptor
[23:35:36] [INFO]    [CLIENT] (./main.c:136) [127.0.0.1:36858] Client connecté
[23:35:36] [INFO]    [CLIENT] (./main.c:158) [127.0.0.1:36858] Requête reçue: CONN
[23:35:36] [INFO]    [CLIENT] (./main.c:366) [127.0.0.1:36858] Authentification réussie
[23:35:36] [INFO]    [CLIENT] (./main.c:165) [127.0.0.1:36858] Authentification OK pour mewen
[23:35:36] [INFO]    [CLIENT] (./main.c:158) [127.0.0.1:36858] Requête reçue: NEXT
[23:35:36] [INFO]    [SERV]   (./main.c:477) SELECT retourne des éléments
[23:35:36] [DEBUG]   [SERV]   (./main.c:482) id suivi : ALI1768459079, etat 4
[23:35:36] [DEBUG]   [SERV]   (./main.c:487) prochain etat : 5
[23:35:36] [DEBUG]   [SERV]   (./main.c:482) id suivi : ALI1768330058, etat 3
[23:35:36] [DEBUG]   [SERV]   (./main.c:487) prochain etat : 4
[23:35:36] [DEBUG]   [SERV]   (./main.c:482) id suivi : ALI1768314865, etat 1
[23:35:36] [DEBUG]   [SERV]   (./main.c:487) prochain etat : 2
[23:35:36] [INFO]    [CLIENT] (./main.c:141) [127.0.0.1:36858] Client déconnecté
[23:35:48] [INFO]    [SERV]   (./main.c:113) Connexion acceptée (fd=5)
[23:35:48] [DEBUG]   [SERV]   (./main.c:201)  <<Parent pid enfant : 10143
[23:35:48] [DEBUG]   [SERV]   (./main.c:203)  <<Parent connexion ferme
[23:35:48] [INFO]    [SERV]   (./main.c:122) Process enfant démarré (pid=10143) pour fd=5
[23:35:48] [INFO]    [SERV]   (./main.c:124) Connexion à la BDD...
[23:35:48] [INFO]    [SERV]   (./main.c:400) Connecté a la BDD
[23:35:48] [INFO]    [SERV]   (./main.c:401) SET search_path...
[23:35:48] [INFO]    [SERV]   (./main.c:406) SET search_path success
[23:35:48] [INFO]    [SERV]   (./main.c:411) Base de données actuelle : postgres
[23:35:48] [INFO]    [SERV]   (./main.c:417) Schéma courant (search_path) : sae3_delivraptor
[23:35:48] [INFO]    [CLIENT] (./main.c:136) [127.0.0.1:46628] Client connecté
[23:35:48] [INFO]    [CLIENT] (./main.c:158) [127.0.0.1:46628] Requête reçue: CONN
[23:35:48] [INFO]    [CLIENT] (./main.c:366) [127.0.0.1:46628] Authentification réussie
[23:35:48] [INFO]    [CLIENT] (./main.c:165) [127.0.0.1:46628] Authentification OK pour mewen
[23:35:48] [INFO]    [CLIENT] (./main.c:158) [127.0.0.1:46628] Requête reçue: ADD
[23:35:48] [INFO]    [CLIENT] (./main.c:232) [127.0.0.1:46628] Informaions récupérées avec succès
[23:35:48] [INFO]    [SERV]   (./main.c:257) La commande existe deja
[23:35:48] [INFO]    [SERV]   (./main.c:260) Renvoi du bordereau
[23:35:48] [INFO]    [CLIENT] (./main.c:314) [127.0.0.1:46628] BORD ALI1768459079 com144254
[23:35:48] [INFO]    [CLIENT] (./main.c:158) [127.0.0.1:46628] Requête reçue: ETA
[23:35:48] [INFO]    [CLIENT] (./main.c:434) [127.0.0.1:46628] numéro de suivie récupéré
[23:35:48] [INFO]    [SERV]   (./main.c:449) Récuperation de l'etat
[23:35:48] [DEBUG]   [SERV]   (./main.c:452) Etat commande char : 5
[23:35:48] [DEBUG]   [SERV]   (./main.c:453) Etat commande int : 5
[23:35:48] [DEBUG]   [SERV]   (./main.c:458) Envoi msg etat
[23:35:48] [DEBUG]   [SERV]   (./etat/etat.c:28) msg_etat called: 5
[23:35:48] [INFO]    [SERV]   (./etat/etat.c:38) ETAT 5 envoyé: ETA ARRPR ALI1768459079
[23:35:48] [DEBUG]   [SERV]   (./main.c:460) Envoi msg etat FIN
[23:35:58] [INFO]    [CLIENT] (./main.c:158) [127.0.0.1:46628] Requête reçue: ADD
[23:35:58] [INFO]    [CLIENT] (./main.c:232) [127.0.0.1:46628] Informaions récupérées avec succès
[23:35:58] [INFO]    [SERV]   (./main.c:257) La commande existe deja
[23:35:58] [INFO]    [SERV]   (./main.c:260) Renvoi du bordereau
[23:35:58] [INFO]    [CLIENT] (./main.c:314) [127.0.0.1:46628] BORD ALI1768330058 com15223
[23:35:58] [INFO]    [CLIENT] (./main.c:158) [127.0.0.1:46628] Requête reçue: ETA
[23:35:58] [INFO]    [CLIENT] (./main.c:434) [127.0.0.1:46628] numéro de suivie récupéré
[23:35:58] [INFO]    [SERV]   (./main.c:449) Récuperation de l'etat
[23:35:58] [DEBUG]   [SERV]   (./main.c:452) Etat commande char : 4
[23:35:58] [DEBUG]   [SERV]   (./main.c:453) Etat commande int : 4
[23:35:58] [DEBUG]   [SERV]   (./main.c:458) Envoi msg etat
[23:35:58] [DEBUG]   [SERV]   (./etat/etat.c:28) msg_etat called: 4
[23:35:58] [INFO]    [SERV]   (./etat/etat.c:38) ETAT 4 envoyé: ETA ACHPR ALI1768330058
[23:35:58] [DEBUG]   [SERV]   (./main.c:460) Envoi msg etat FIN
[23:35:58] [INFO]    [CLIENT] (./main.c:158) [127.0.0.1:46628] Requête reçue: ETA
[23:35:58] [INFO]    [CLIENT] (./main.c:434) [127.0.0.1:46628] numéro de suivie récupéré
[23:35:58] [INFO]    [SERV]   (./main.c:449) Récuperation de l'etat
[23:35:58] [DEBUG]   [SERV]   (./main.c:452) Etat commande char : 5
[23:35:58] [DEBUG]   [SERV]   (./main.c:453) Etat commande int : 5
[23:35:58] [DEBUG]   [SERV]   (./main.c:458) Envoi msg etat
[23:35:58] [DEBUG]   [SERV]   (./etat/etat.c:28) msg_etat called: 5
[23:35:58] [INFO]    [SERV]   (./etat/etat.c:38) ETAT 5 envoyé: ETA ARRPR ALI1768459079
[23:35:58] [DEBUG]   [SERV]   (./main.c:460) Envoi msg etat FIN
[23:36:06] [INFO]    [SERV]   (./main.c:113) Connexion acceptée (fd=5)
[23:36:06] [DEBUG]   [SERV]   (./main.c:201)  <<Parent pid enfant : 10161
[23:36:06] [DEBUG]   [SERV]   (./main.c:203)  <<Parent connexion ferme
[23:36:06] [INFO]    [SERV]   (./main.c:122) Process enfant démarré (pid=10161) pour fd=5
[23:36:06] [INFO]    [SERV]   (./main.c:124) Connexion à la BDD...
[23:36:06] [INFO]    [SERV]   (./main.c:400) Connecté a la BDD
[23:36:06] [INFO]    [SERV]   (./main.c:401) SET search_path...
[23:36:06] [INFO]    [SERV]   (./main.c:406) SET search_path success
[23:36:06] [INFO]    [SERV]   (./main.c:411) Base de données actuelle : postgres
[23:36:06] [INFO]    [SERV]   (./main.c:417) Schéma courant (search_path) : sae3_delivraptor
[23:36:06] [INFO]    [CLIENT] (./main.c:136) [127.0.0.1:40614] Client connecté
[23:36:06] [INFO]    [CLIENT] (./main.c:158) [127.0.0.1:40614] Requête reçue: CONN
[23:36:06] [INFO]    [CLIENT] (./main.c:366) [127.0.0.1:40614] Authentification réussie
[23:36:06] [INFO]    [CLIENT] (./main.c:165) [127.0.0.1:40614] Authentification OK pour mewen
[23:36:06] [INFO]    [CLIENT] (./main.c:158) [127.0.0.1:40614] Requête reçue: NEXT
[23:36:06] [INFO]    [SERV]   (./main.c:477) SELECT retourne des éléments
[23:36:06] [DEBUG]   [SERV]   (./main.c:482) id suivi : ALI1768459079, etat 5
[23:36:06] [DEBUG]   [SERV]   (./main.c:487) prochain etat : 6
[23:36:06] [DEBUG]   [SERV]   (./main.c:482) id suivi : ALI1768330058, etat 4
[23:36:06] [DEBUG]   [SERV]   (./main.c:487) prochain etat : 5
[23:36:06] [DEBUG]   [SERV]   (./main.c:482) id suivi : ALI1768314865, etat 2
[23:36:06] [DEBUG]   [SERV]   (./main.c:487) prochain etat : 3
[23:36:06] [INFO]    [CLIENT] (./main.c:141) [127.0.0.1:40614] Client déconnecté
[23:36:08] [INFO]    [CLIENT] (./main.c:158) [127.0.0.1:46628] Requête reçue: ETA
[23:36:08] [INFO]    [CLIENT] (./main.c:434) [127.0.0.1:46628] numéro de suivie récupéré
[23:36:08] [INFO]    [CLIENT] (./main.c:455) [127.0.0.1:46628] Id_suivi ALI1245369547 n'existe pas
[23:36:08] [DEBUG]   [SERV]   (./main.c:458) Envoi msg etat
[23:36:08] [DEBUG]   [SERV]   (./etat/etat.c:28) msg_etat called: 0
[23:36:08] [INFO]    [SERV]   (./etat/etat.c:38) ETAT 0 envoyé: ETA ERR INCO ALI1245369547
[23:36:08] [DEBUG]   [SERV]   (./main.c:460) Envoi msg etat FIN
[23:36:28] [INFO]    [CLIENT] (./main.c:158) [127.0.0.1:46628] Requête reçue: ADD
[23:36:28] [INFO]    [CLIENT] (./main.c:232) [127.0.0.1:46628] Informaions récupérées avec succès
[23:36:28] [INFO]    [SERV]   (./main.c:257) La commande existe deja
[23:36:28] [INFO]    [SERV]   (./main.c:260) Renvoi du bordereau
[23:36:28] [INFO]    [CLIENT] (./main.c:314) [127.0.0.1:46628] BORD ALI1768314865 coma1215m4454
[23:36:28] [INFO]    [CLIENT] (./main.c:158) [127.0.0.1:46628] Requête reçue: ETA
[23:36:28] [INFO]    [CLIENT] (./main.c:434) [127.0.0.1:46628] numéro de suivie récupéré
[23:36:28] [INFO]    [SERV]   (./main.c:449) Récuperation de l'etat
[23:36:28] [DEBUG]   [SERV]   (./main.c:452) Etat commande char : 3
[23:36:28] [DEBUG]   [SERV]   (./main.c:453) Etat commande int : 3
[23:36:28] [DEBUG]   [SERV]   (./main.c:458) Envoi msg etat
[23:36:28] [DEBUG]   [SERV]   (./etat/etat.c:28) msg_etat called: 3
[23:36:28] [INFO]    [SERV]   (./etat/etat.c:38) ETAT 3 envoyé: ETA ARRTR ALI1768314865
[23:36:28] [DEBUG]   [SERV]   (./main.c:460) Envoi msg etat FIN
[23:36:28] [INFO]    [CLIENT] (./main.c:158) [127.0.0.1:46628] Requête reçue: ETA
[23:36:28] [INFO]    [CLIENT] (./main.c:434) [127.0.0.1:46628] numéro de suivie récupéré
[23:36:28] [INFO]    [SERV]   (./main.c:449) Récuperation de l'etat
[23:36:28] [DEBUG]   [SERV]   (./main.c:452) Etat commande char : 5
[23:36:28] [DEBUG]   [SERV]   (./main.c:453) Etat commande int : 5
[23:36:28] [DEBUG]   [SERV]   (./main.c:458) Envoi msg etat
[23:36:28] [DEBUG]   [SERV]   (./etat/etat.c:28) msg_etat called: 5
[23:36:28] [INFO]    [SERV]   (./etat/etat.c:38) ETAT 5 envoyé: ETA ARRPR ALI1768330058
[23:36:28] [DEBUG]   [SERV]   (./main.c:460) Envoi msg etat FIN
[23:36:28] [INFO]    [CLIENT] (./main.c:158) [127.0.0.1:46628] Requête reçue: ETA
[23:36:28] [INFO]    [CLIENT] (./main.c:434) [127.0.0.1:46628] numéro de suivie récupéré
[23:36:28] [INFO]    [SERV]   (./main.c:449) Récuperation de l'etat
[23:36:28] [DEBUG]   [SERV]   (./main.c:452) Etat commande char : 6
[23:36:28] [DEBUG]   [SERV]   (./main.c:453) Etat commande int : 6
[23:36:28] [DEBUG]   [SERV]   (./main.c:458) Envoi msg etat
[23:36:28] [DEBUG]   [SERV]   (./etat/etat.c:28) msg_etat called: 6
[23:36:28] [INFO]    [SERV]   (./etat/etat.c:38) ETAT 6 envoyé: ETA ACHCL ALI1768459079
[23:36:28] [DEBUG]   [SERV]   (./main.c:460) Envoi msg etat FIN
[23:36:28] [INFO]    [CLIENT] (./main.c:158) [127.0.0.1:46628] Requête reçue: ETAT
[23:36:28] [WARN]    [CLIENT] (./main.c:185) [127.0.0.1:46628] Commande non reconnue: ETAT
[23:36:28] [INFO]    [CLIENT] (./main.c:141) [127.0.0.1:46628] Client déconnecté
